Mat,Inns,NO,Runs,HS,BF,SR,100,50,0,Start_Year,End_Year,Career_Years,Team,Runs_per_Innings,High_Average
463,452.0,41.0,18426.0,200.0,21367.0,86.23,49.0,96.0,20.0,1989,2012,24,INDIA,40.76548672566372,1
404,380.0,41.0,14234.0,169.0,18048.0,78.86,25.0,93.0,15.0,2000,2015,16,SL,37.45789473684211,1
375,365.0,39.0,13704.0,164.0,17046.0,80.39,30.0,82.0,20.0,1995,2012,18,ICC,37.54520547945206,1
445,433.0,18.0,13430.0,189.0,14725.0,91.2,28.0,68.0,34.0,1989,2011,23,SL,31.016166281755197,1
448,418.0,39.0,12650.0,144.0,16020.0,78.96,19.0,77.0,28.0,1998,2015,18,SL,30.263157894736842,1
378,350.0,53.0,11739.0,137.0,15812.0,74.24,10.0,83.0,20.0,1991,2007,17,PAK,33.54,1
242,233.0,39.0,11609.0,183.0,12445.0,93.28,43.0,55.0,13.0,2008,2019,12,INDIA,49.82403433476395,1
328,314.0,53.0,11579.0,139.0,15885.0,72.89,17.0,86.0,17.0,1996,2014,19,SA,36.87579617834395,1
311,300.0,23.0,11363.0,183.0,15416.0,73.7,22.0,72.0,16.0,1992,2007,16,INDIA,37.876666666666665,1
344,318.0,40.0,10889.0,153.0,15284.0,71.24,12.0,83.0,13.0,1996,2011,16,INDIA,34.242138364779876,1
350,297.0,84.0,10773.0,183.0,12303.0,87.56,10.0,73.0,10.0,2004,2019,16,INDIA,36.27272727272727,1
301,294.0,17.0,10480.0,215.0,12019.0,87.19,25.0,54.0,25.0,1999,2019,21,WI,35.64625850340136,1
299,289.0,32.0,10405.0,169.0,13086.0,79.51,19.0,63.0,16.0,1990,2007,18,WI,36.003460207612456,1
330,303.0,41.0,10290.0,161.0,11933.0,86.23,22.0,47.0,11.0,1999,2016,18,SL,33.960396039603964,1
288,273.0,40.0,9720.0,141.0,12942.0,75.1,15.0,64.0,15.0,1998,2010,13,PAK,35.604395604395606,1
287,279.0,11.0,9619.0,172.0,9922.0,96.94,16.0,55.0,19.0,1996,2008,13,ICC,34.47670250896057,1
228,218.0,39.0,9577.0,176.0,9473.0,101.09,25.0,53.0,7.0,2005,2018,14,SA,43.93119266055046,1
334,308.0,54.0,9378.0,153.0,12669.0,74.02,7.0,58.0,9.0,1985,2000,16,INDIA,30.448051948051948,1
308,296.0,30.0,9284.0,145.0,11443.0,81.13,11.0,64.0,17.0,1984,2003,20,SL,31.364864864864863,1
221,214.0,32.0,8944.0,264.0,10063.0,88.88,28.0,43.0,13.0,2007,2019,13,INDIA,41.794392523364486,1
247,244.0,19.0,8824.0,194.0,10938.0,80.67,20.0,43.0,15.0,1989,2003,15,PAK,36.16393442622951,1
268,251.0,40.0,8778.0,150.0,12408.0,70.74,11.0,59.0,6.0,1994,2011,18,WI,34.97211155378486,1
304,278.0,40.0,8701.0,150.0,9924.0,87.67,14.0,52.0,18.0,2000,2017,18,INDIA,31.298561151079138,1
238,237.0,28.0,8648.0,152.0,13707.0,63.09,17.0,57.0,13.0,1978,1994,17,WI,36.48945147679325,1
268,259.0,32.0,8529.0,132.0,12594.0,67.72,11.0,59.0,13.0,1990,2007,18,SL,32.93050193050193,1
244,236.0,20.0,8500.0,173.0,11053.0,76.9,18.0,50.0,16.0,1988,2002,15,AUS,36.016949152542374,1
228,212.0,37.0,8376.0,181.0,10091.0,83.0,20.0,50.0,9.0,2006,2019,14,NZ,39.509433962264154,1
251,245.0,9.0,8273.0,219.0,7929.0,104.33,15.0,38.0,14.0,1999,2013,15,INDIA,33.76734693877551,1
181,178.0,14.0,8113.0,159.0,9178.0,88.39,27.0,39.0,4.0,2008,2019,12,SA,45.57865168539326,1
248,240.0,16.0,8094.0,175.0,9721.0,83.26,21.0,37.0,22.0,1996,2010,15,SA,33.725,1
398,369.0,27.0,8064.0,124.0,6892.0,117.0,6.0,39.0,30.0,1996,2015,20,PAK,21.853658536585368,1
280,269.0,21.0,8037.0,134.0,11242.0,71.49,8.0,49.0,17.0,1994,2007,14,NZ,29.87732342007435,1
245,223.0,44.0,7981.0,130.0,10104.0,78.98,8.0,58.0,10.0,2003,2015,13,AUS,35.789237668161434,1
325,288.0,58.0,7569.0,120.0,9971.0,75.91,3.0,45.0,15.0,1986,2002,17,AUS,26.28125,1
287,258.0,40.0,7534.0,143.0,9199.0,81.9,9.0,44.0,15.0,1999,2019,21,PAK,29.2015503875969,1
269,255.0,47.0,7456.0,131.0,9571.0,77.9,4.0,49.0,18.0,1982,1999,18,SL,29.23921568627451,1
233,218.0,41.0,7381.0,119.0,11014.0,67.01,8.0,50.0,8.0,1975,1996,22,PAK,33.857798165137616,1
233,217.0,32.0,7348.0,148.0,8053.0,91.24,13.0,46.0,15.0,2006,2019,14,IRE,33.86175115207373,1
265,255.0,23.0,7249.0,144.0,9628.0,75.29,7.0,48.0,22.0,2000,2015,16,PAK,28.427450980392155,1
283,256.0,38.0,7170.0,102.0,9383.0,76.41,5.0,47.0,19.0,1982,1999,18,PAK,28.0078125,1
223,217.0,14.0,7090.0,145.0,9760.0,72.64,16.0,41.0,19.0,1995,2007,13,NZ,32.672811059907836,1
197,194.0,10.0,6989.0,141.0,8648.0,80.81,10.0,47.0,8.0,2002,2013,12,SA,36.02577319587629,1
235,223.0,17.0,6951.0,174.0,9155.0,75.92,15.0,37.0,17.0,2005,2019,15,SL,31.170403587443946,1
232,196.0,67.0,6912.0,108.0,9320.0,74.16,6.0,46.0,5.0,1994,2004,11,AUS,35.265306122448976,1
204,202.0,8.0,6892.0,154.0,8865.0,77.74,11.0,47.0,18.0,2007,2019,13,BDESH,34.118811881188115,1
185,185.0,19.0,6798.0,188.0,9436.0,72.04,13.0,45.0,11.0,1993,2003,11,SA,36.74594594594595,1
213,208.0,16.0,6786.0,145.0,9097.0,74.59,4.0,55.0,13.0,1992,2003,12,ZIM,32.625,1
187,167.0,24.0,6721.0,189.0,7451.0,90.2,11.0,45.0,7.0,1975,1991,17,WI,40.24550898203593,1
179,176.0,19.0,6626.0,237.0,7586.0,87.34,16.0,35.0,15.0,2009,2019,11,NZ,37.64772727272727,1
218,216.0,15.0,6614.0,140.0,8633.0,76.61,11.0,38.0,19.0,2003,2019,17,PAK,30.62037037037037,1
221,214.0,18.0,6571.0,142.0,9723.0,67.58,6.0,40.0,18.0,1992,2010,19,ZIM,30.705607476635514,1
250,232.0,29.0,6564.0,139.0,8174.0,80.3,10.0,37.0,14.0,1986,2000,15,PAK,28.29310344827586,1
273,252.0,39.0,6524.0,127.0,9134.0,71.42,3.0,39.0,11.0,1979,1994,16,AUS,25.88888888888889,1
206,194.0,27.0,6323.0,134.0,7641.0,82.75,9.0,47.0,10.0,2006,2019,14,BDESH,32.59278350515464,1
193,192.0,15.0,6293.0,145.0,8256.0,76.22,10.0,38.0,15.0,2004,2019,16,ZIM,32.776041666666664,1
224,217.0,30.0,6248.0,122.0,9801.0,63.74,5.0,44.0,8.0,1983,1996,14,WI,28.792626728110598,1
161,155.0,15.0,6133.0,181.0,7767.0,78.96,10.0,36.0,9.0,1993,2008,16,ICC,39.56774193548387,1
149,142.0,14.0,6132.0,148.0,7494.0,81.82,13.0,39.0,5.0,2010,2019,10,NZ,43.183098591549296,1
216,202.0,34.0,6100.0,144.0,7718.0,79.03,7.0,37.0,10.0,2006,2019,14,BDESH,30.198019801980198,1
260,228.0,28.0,6083.0,166.0,6312.0,96.37,5.0,32.0,20.0,2002,2016,15,NZ,26.67982456140351,1
164,161.0,25.0,6068.0,145.0,8362.0,72.56,7.0,46.0,6.0,1984,1994,11,AUS,37.68944099378882,1
181,177.0,16.0,5964.0,122.0,9157.0,65.13,5.0,37.0,6.0,1984,1995,12,AUS,33.69491525423729,1
245,220.0,51.0,5935.0,121.0,7336.0,80.9,2.0,33.0,12.0,1992,2003,12,SA,26.977272727272727,1
143,135.0,21.0,5856.0,133.0,6702.0,87.37,16.0,33.0,4.0,2013,2019,7,ENG,43.37777777777778,1
198,197.0,15.0,5841.0,119.0,9226.0,63.31,9.0,31.0,15.0,1985,1997,13,PAK,29.6497461928934,1
214,184.0,48.0,5812.0,139.0,6974.0,83.33,3.0,40.0,15.0,2008,2019,12,SL,31.58695652173913,1
181,169.0,33.0,5804.0,120.0,7663.0,75.74,5.0,38.0,8.0,2000,2013,14,WI,34.34319526627219,1
227,206.0,43.0,5761.0,113.0,7517.0,76.63,7.0,29.0,7.0,1987,2003,17,WI,27.966019417475728,1
190,169.0,27.0,5757.0,185.0,6365.0,90.44,9.0,33.0,12.0,2002,2015,14,AUS,34.06508875739645,1
209,208.0,4.0,5658.0,178.0,7728.0,73.21,5.0,34.0,15.0,2001,2019,19,ZIM,27.201923076923077,1
226,194.0,35.0,5615.0,116.0,6005.0,93.5,5.0,36.0,14.0,2005,2018,14,INDIA,28.943298969072163,1
207,196.0,26.0,5606.0,133.0,7463.0,75.11,10.0,30.0,11.0,2000,2018,19,WI,28.602040816326532,1
188,175.0,31.0,5565.0,112.0,7277.0,76.47,2.0,39.0,8.0,1992,2000,9,SA,31.8,1
133,131.0,7.0,5518.0,143.0,5869.0,94.01,17.0,27.0,5.0,2010,2019,10,INDIA,42.12213740458015,1
143,136.0,20.0,5507.0,185.0,6215.0,88.6,12.0,35.0,3.0,2011,2019,9,SA,40.49264705882353,1
185,157.0,44.0,5442.0,109.0,6243.0,87.16,3.0,39.0,3.0,2004,2012,9,AUS,34.66242038216561,1
161,157.0,14.0,5416.0,141.0,7019.0,77.16,4.0,35.0,6.0,2004,2015,12,ENG,34.496815286624205,1
196,179.0,36.0,5359.0,119.0,7677.0,69.8,6.0,30.0,10.0,1992,2000,9,INDIA,29.93854748603352,1
208,182.0,51.0,5346.0,144.0,6877.0,77.73,5.0,37.0,10.0,1992,2006,15,AUS,29.373626373626372,1
147,143.0,11.0,5238.0,150.0,6144.0,85.25,11.0,34.0,11.0,2003,2013,11,INDIA,36.62937062937063,1
188,184.0,14.0,5185.0,131.0,7834.0,66.18,7.0,30.0,11.0,1992,2003,12,ZIM,28.179347826086957,1
213,198.0,23.0,5162.0,119.0,8521.0,60.57,4.0,35.0,15.0,1986,1999,14,SL,26.07070707070707,1
128,127.0,13.0,5134.0,133.0,7908.0,64.92,11.0,31.0,3.0,1975,1991,17,WI,40.425196850393704,1
162,149.0,31.0,5122.0,96.0,6945.0,73.75,0.0,42.0,6.0,2002,2015,14,PAK,34.375838926174495,1
199,179.0,40.0,5117.0,150.0,6052.0,84.55,4.0,27.0,7.0,2004,2019,16,SA,28.58659217877095,1
197,181.0,37.0,5092.0,120.0,6614.0,76.98,5.0,26.0,7.0,2001,2011,11,ENG,28.132596685082873,1
198,161.0,33.0,5088.0,156.0,5504.0,92.44,6.0,30.0,15.0,1998,2009,12,AUS,31.60248447204969,1
265,228.0,57.0,5080.0,112.0,6252.0,81.25,3.0,23.0,14.0,1996,2011,16,PAK,22.280701754385966,1
116,114.0,5.0,4990.0,179.0,5222.0,95.55,17.0,20.0,2.0,2009,2019,11,AUS,43.771929824561404,1
215,193.0,25.0,4950.0,115.0,5874.0,84.26,4.0,26.0,9.0,1991,2006,16,NZ,25.647668393782382,1
115,115.0,6.0,4907.0,178.0,5154.0,95.2,14.0,24.0,3.0,2013,2019,7,SA,42.6695652173913,1
156,155.0,5.0,4780.0,134.0,7297.0,65.5,5.0,31.0,10.0,1990,2000,11,PAK,30.838709677419356,1
197,183.0,16.0,4707.0,117.0,6198.0,75.94,3.0,28.0,9.0,1997,2007,11,NZ,25.721311475409838,1
143,140.0,18.0,4704.0,107.0,6476.0,72.63,4.0,34.0,3.0,1982,1995,14,NZ,33.6,1
295,221.0,57.0,4686.0,147.0,5528.0,84.76,1.0,26.0,16.0,1998,2011,14,SA,21.20361990950226,1
170,162.0,14.0,4677.0,116.0,6841.0,68.36,4.0,28.0,13.0,1989,2003,15,ENG,28.87037037037037,1
119,115.0,2.0,4559.0,153.0,5093.0,89.51,15.0,24.0,11.0,2013,2019,7,AUS,39.643478260869564,1
188,161.0,23.0,4483.0,141.0,5645.0,79.41,4.0,28.0,9.0,1999,2011,13,NZ,27.84472049689441,1
136,125.0,16.0,4440.0,130.0,5128.0,86.58,9.0,25.0,7.0,2004,2013,10,ICC,35.52,1
136,127.0,8.0,4413.0,134.0,6329.0,69.72,6.0,33.0,7.0,1987,1998,12,INDIA,34.74803149606299,1
250,213.0,62.0,4379.0,130.0,6583.0,66.51,1.0,16.0,12.0,1990,2004,15,NZ,20.558685446009388,1
117,115.0,6.0,4357.0,126.0,7790.0,55.93,9.0,22.0,4.0,1986,1992,7,AUS,37.88695652173913,1
213,198.0,26.0,4340.0,117.0,5423.0,80.02,2.0,19.0,17.0,2004,2018,15,ZIM,21.91919191919192,1
123,122.0,6.0,4335.0,137.0,5087.0,85.21,12.0,21.0,13.0,2000,2006,7,ENG,35.532786885245905,1
125,122.0,6.0,4290.0,142.0,6932.0,61.88,8.0,23.0,4.0,1976,1995,20,ENG,35.16393442622951,1
127,126.0,8.0,4205.0,158.0,5195.0,80.94,6.0,27.0,9.0,2003,2011,9,ENG,33.37301587301587,1
146,145.0,4.0,4091.0,123.0,5702.0,71.74,4.0,27.0,11.0,1981,1992,12,INDIA,28.213793103448275,1
114,111.0,2.0,4038.0,177.0,4627.0,87.27,8.0,23.0,10.0,2008,2019,12,IRE,36.37837837837838,1
136,133.0,3.0,4037.0,139.0,5818.0,69.38,11.0,17.0,9.0,2006,2019,14,IRE,30.353383458646615,1
122,118.0,16.0,4010.0,118.0,5308.0,75.54,4.0,26.0,8.0,1982,1992,11,ENG,33.983050847457626,1
185,160.0,42.0,3994.0,128.0,5222.0,76.48,3.0,21.0,8.0,2007,2019,13,BDESH,24.9625,1
180,155.0,43.0,3950.0,103.0,5443.0,72.57,1.0,28.0,7.0,1997,2007,11,SL,25.483870967741936,1
147,143.0,5.0,3902.0,117.0,6409.0,60.88,2.0,22.0,12.0,1985,1996,12,SL,27.286713286713287,1
149,148.0,1.0,3891.0,101.0,6804.0,57.18,1.0,24.0,9.0,1978,1992,15,NZ,26.29054054054054,1
138,133.0,16.0,3860.0,124.0,5492.0,70.28,3.0,23.0,10.0,1993,2000,8,SA,29.022556390977442,1
120,118.0,15.0,3846.0,126.0,5191.0,74.08,5.0,27.0,10.0,1991,2001,11,ENG,32.59322033898305,1
142,117.0,23.0,3843.0,150.0,3207.0,119.83,9.0,20.0,12.0,2012,2019,8,ENG,32.84615384615385,1
118,104.0,12.0,3810.0,164.0,4414.0,86.31,8.0,23.0,5.0,2010,2019,10,AUS,36.63461538461539,1
200,168.0,40.0,3789.0,104.0,6588.0,57.51,2.0,13.0,10.0,1986,2003,18,SL,22.553571428571427,1
225,198.0,39.0,3783.0,175.0,3979.0,95.07,1.0,14.0,13.0,1978,1994,17,INDIA,19.106060606060606,1
356,280.0,55.0,3717.0,86.0,4208.0,88.33,0.0,6.0,28.0,1984,2003,20,PAK,13.275,1
131,127.0,18.0,3717.0,129.0,4546.0,81.76,3.0,31.0,7.0,2005,2019,15,ZIM,29.26771653543307,1
189,181.0,14.0,3711.0,102.0,4776.0,77.7,2.0,23.0,24.0,1990,2004,15,SL,20.502762430939228,1
175,151.0,40.0,3709.0,102.0,5105.0,72.65,1.0,19.0,6.0,1974,1992,19,PAK,24.56291390728477,1
143,138.0,11.0,3675.0,122.0,5407.0,67.96,5.0,18.0,14.0,1987,1999,13,WI,26.630434782608695,1
100,100.0,10.0,3637.0,125.0,5085.0,71.52,5.0,25.0,6.0,1996,2003,8,ENG,36.37,1
146,132.0,21.0,3599.0,111.0,4855.0,74.12,4.0,22.0,11.0,2010,2019,10,SL,27.265151515151516,1
171,137.0,50.0,3576.0,103.0,3977.0,89.91,2.0,19.0,13.0,1996,2004,9,SA,26.1021897810219,1
303,205.0,72.0,3519.0,130.0,4059.0,86.69,1.0,14.0,20.0,1996,2008,13,SA,17.165853658536584,1
113,110.0,1.0,3514.0,105.0,5909.0,59.46,1.0,28.0,4.0,1989,1997,9,AUS,31.945454545454545,1
129,120.0,19.0,3508.0,105.0,5179.0,67.73,1.0,23.0,7.0,1976,1991,16,INDIA,29.233333333333334,1
142,130.0,17.0,3490.0,142.0,3922.0,88.98,2.0,18.0,5.0,2006,2019,14,IRE,26.846153846153847,1
177,169.0,13.0,3468.0,109.0,4947.0,70.1,3.0,20.0,14.0,2001,2013,13,BDESH,20.5207100591716,1
135,130.0,12.0,3428.0,111.0,4524.0,75.77,3.0,24.0,13.0,1996,2014,19,KENYA,26.369230769230768,1
107,95.0,14.0,3421.0,125.0,5047.0,67.78,4.0,26.0,4.0,1999,2007,9,SA,36.01052631578948,1
141,122.0,16.0,3394.0,123.0,3821.0,88.82,3.0,18.0,9.0,1999,2009,11,ICC,27.81967213114754,1
150,137.0,21.0,3393.0,107.0,5020.0,67.58,2.0,22.0,16.0,2001,2012,12,ZIM,24.766423357664234,1
84,81.0,2.0,3381.0,180.0,3148.0,107.4,9.0,18.0,7.0,2015,2019,5,ENG,41.74074074074074,1
109,105.0,7.0,3367.0,107.0,6088.0,55.3,1.0,26.0,0.0,1983,1994,12,SA,32.06666666666667,1
74,72.0,10.0,3359.0,125.0,3857.0,87.08,11.0,15.0,2.0,2015,2019,5,PAK,46.65277777777778,1
179,161.0,32.0,3314.0,108.0,4867.0,68.09,1.0,14.0,19.0,1992,2002,11,NZ,20.58385093167702,1
219,183.0,41.0,3266.0,72.0,4017.0,81.3,0.0,12.0,17.0,1990,2004,15,PAK,17.846994535519126,1
157,138.0,14.0,3236.0,124.0,3855.0,83.94,5.0,10.0,10.0,2002,2017,16,PAK,23.44927536231884,1
92,92.0,4.0,3204.0,137.0,4154.0,77.13,5.0,19.0,7.0,2006,2014,9,ENG,34.82608695652174,1
127,106.0,14.0,3194.0,139.0,4419.0,72.27,4.0,21.0,7.0,2010,2019,10,SL,30.132075471698112,1
121,110.0,17.0,3194.0,102.0,3712.0,86.04,2.0,20.0,8.0,2009,2019,11,PAK,29.036363636363635,1
114,111.0,8.0,3170.0,158.0,4218.0,75.15,7.0,12.0,6.0,1978,1991,14,ENG,28.55855855855856,1
121,115.0,9.0,3143.0,108.0,4888.0,64.3,2.0,18.0,6.0,1985,1995,11,NZ,27.330434782608695,1
126,115.0,16.0,3122.0,110.0,3706.0,84.24,2.0,16.0,2.0,2001,2015,15,AUS,27.14782608695652,1
150,128.0,21.0,3108.0,109.0,5089.0,61.07,4.0,18.0,5.0,1981,1992,12,INDIA,24.28125,1
108,102.0,14.0,3092.0,103.0,4966.0,62.26,1.0,27.0,8.0,1974,1987,14,INDIA,30.313725490196077,1
117,101.0,22.0,3078.0,119.0,3784.0,81.34,4.0,17.0,4.0,1996,2005,10,AUS,30.475247524752476,1
126,110.0,31.0,3058.0,139.0,3054.0,100.13,5.0,12.0,8.0,2010,2019,10,SA,27.8,1
90,85.0,10.0,3044.0,156.0,3645.0,83.51,3.0,22.0,3.0,2012,2016,5,AUS,35.811764705882354,1
72,67.0,10.0,3007.0,170.0,4046.0,74.32,8.0,15.0,4.0,2016,2019,4,WI,44.88059701492537,1
127,126.0,4.0,2994.0,116.0,4716.0,63.48,2.0,21.0,14.0,2003,2016,14,ZIM,23.761904761904763,1
164,141.0,24.0,2968.0,112.0,3606.0,82.3,2.0,10.0,11.0,2004,2014,11,WI,21.04964539007092,1
90,87.0,3.0,2962.0,111.0,3767.0,78.63,3.0,24.0,6.0,2011,2018,8,INDIA,34.04597701149425,1
189,159.0,55.0,2943.0,79.0,4008.0,73.42,0.0,13.0,6.0,1993,2005,13,ZIM,18.50943396226415,1
119,111.0,10.0,2880.0,127.0,4393.0,65.55,5.0,14.0,8.0,1999,2010,12,WI,25.945945945945947,1
110,100.0,11.0,2877.0,102.0,2332.0,123.37,1.0,19.0,9.0,2012,2019,8,AUS,28.77,1
74,68.0,8.0,2861.0,141.0,2749.0,104.07,9.0,11.0,5.0,2011,2019,9,ENG,42.0735294117647,1
110,105.0,13.0,2839.0,124.0,4045.0,70.18,3.0,18.0,8.0,2009,2019,11,WI,27.038095238095238,1
68,65.0,10.0,2819.0,137.0,3658.0,77.06,4.0,22.0,5.0,2009,2013,5,ENG,43.36923076923077,1
158,133.0,36.0,2809.0,109.0,3801.0,73.9,1.0,14.0,13.0,1981,1993,13,WI,21.1203007518797,1
87,87.0,9.0,2784.0,93.0,4811.0,57.86,0.0,25.0,4.0,1987,1995,9,NZ,32.0,1
124,112.0,12.0,2782.0,116.0,3252.0,85.54,1.0,15.0,6.0,2009,2019,11,AFG,24.839285714285715,1
73,72.0,4.0,2773.0,151.0,3406.0,81.41,7.0,15.0,3.0,2008,2019,12,AUS,38.513888888888886,1
125,110.0,24.0,2753.0,111.0,3822.0,72.03,2.0,17.0,8.0,2002,2006,5,INDIA,25.027272727272727,1
111,107.0,8.0,2740.0,121.0,4325.0,63.35,3.0,9.0,11.0,1995,2005,11,ZIM,25.60747663551402,1
98,93.0,5.0,2739.0,135.0,2945.0,93.0,5.0,14.0,8.0,2013,2019,7,SL,29.451612903225808,1
84,84.0,3.0,2727.0,131.0,3082.0,88.48,6.0,14.0,4.0,2009,2019,11,AFG,32.464285714285715,1
78,78.0,4.0,2725.0,136.0,3572.0,76.28,8.0,14.0,15.0,2004,2010,7,PAK,34.93589743589744,1
87,81.0,11.0,2717.0,103.0,3603.0,75.4,1.0,20.0,5.0,1995,2001,7,NZ,33.54320987654321,1
147,142.0,22.0,2705.0,83.0,4011.0,67.43,0.0,11.0,12.0,1993,2003,11,ZIM,19.049295774647888,1
120,109.0,21.0,2695.0,101.0,3462.0,77.84,1.0,14.0,4.0,2007,2015,9,ENG,24.724770642201836,1
95,81.0,15.0,2682.0,102.0,2855.0,93.94,3.0,20.0,5.0,2011,2019,9,ENG,33.111111111111114,1
97,93.0,15.0,2656.0,141.0,3249.0,81.74,3.0,14.0,1.0,2013,2019,7,ZIM,28.559139784946236,1
122,115.0,10.0,2653.0,95.0,5130.0,51.71,0.0,16.0,6.0,1977,1989,13,PAK,23.069565217391304,1
78,77.0,8.0,2622.0,160.0,3630.0,72.23,6.0,15.0,5.0,2006,2018,13,IRE,34.05194805194805,1
81,81.0,1.0,2605.0,124.0,3614.0,72.08,6.0,14.0,7.0,2009,2017,9,PAK,32.160493827160494,1
103,101.0,9.0,2581.0,109.0,3638.0,70.94,1.0,18.0,3.0,2006,2018,13,IRE,25.554455445544555,1
62,60.0,6.0,2572.0,123.0,3033.0,84.8,7.0,13.0,2.0,1974,1985,12,PAK,42.86666666666667,1
93,90.0,11.0,2571.0,130.0,3406.0,75.48,3.0,15.0,7.0,2010,2019,10,ZIM,28.566666666666666,1
89,88.0,1.0,2559.0,161.0,3960.0,64.62,2.0,18.0,6.0,1991,1997,7,SA,29.079545454545453,1
95,88.0,9.0,2550.0,137.0,3096.0,82.36,4.0,15.0,7.0,2012,2019,8,NZ,28.977272727272727,1
104,97.0,21.0,2477.0,106.0,3443.0,71.94,2.0,14.0,4.0,1991,2000,10,INDIA,25.536082474226806,1
78,78.0,2.0,2434.0,144.0,3423.0,71.1,4.0,16.0,2.0,2008,2018,11,BDESH,31.205128205128204,1
160,116.0,15.0,2434.0,101.0,2810.0,86.61,1.0,13.0,8.0,2001,2012,12,NZ,20.982758620689655,1
136,119.0,16.0,2420.0,111.0,3438.0,70.38,1.0,8.0,13.0,1996,2014,19,KENYA,20.33613445378151,1
70,67.0,3.0,2419.0,171.0,2527.0,95.72,6.0,14.0,5.0,2014,2019,6,ENG,36.1044776119403,1
71,70.0,8.0,2419.0,167.0,3473.0,69.65,4.0,15.0,4.0,1988,1996,9,ENG,34.55714285714286,1
102,99.0,10.0,2413.0,172.0,3453.0,69.88,3.0,11.0,8.0,2001,2007,7,NZ,24.373737373737374,1
59,57.0,2.0,2409.0,156.0,2795.0,86.18,4.0,17.0,5.0,2008,2019,12,SCOT,42.26315789473684,1
107,99.0,7.0,2398.0,119.0,2547.0,94.14,3.0,10.0,13.0,2007,2019,13,WI,24.22222222222222,1
103,103.0,2.0,2389.0,99.0,3784.0,63.13,0.0,16.0,7.0,2005,2018,14,ZIM,23.194174757281555,1
82,77.0,13.0,2380.0,89.0,3344.0,71.17,0.0,21.0,3.0,1993,2002,10,ENG,30.90909090909091,1
73,69.0,2.0,2359.0,114.0,3366.0,70.08,4.0,16.0,3.0,2013,2019,7,AFG,34.18840579710145,1
111,105.0,9.0,2356.0,101.0,3531.0,66.72,1.0,12.0,7.0,2009,2019,11,AFG,22.438095238095237,1
86,83.0,7.0,2338.0,131.0,3282.0,71.23,6.0,10.0,3.0,1998,2006,9,INDIA,28.16867469879518,1
136,113.0,23.0,2336.0,100.0,3144.0,74.3,1.0,9.0,5.0,1989,2001,13,INDIA,20.672566371681416,1
88,87.0,10.0,2332.0,115.0,3481.0,66.99,1.0,16.0,6.0,1989,2003,15,ENG,26.804597701149426,1
74,72.0,14.0,2331.0,138.0,3079.0,75.7,3.0,14.0,7.0,1971,1983,13,AUS,32.375,1
116,90.0,22.0,2302.0,105.0,2622.0,87.79,2.0,11.0,1.0,2007,2019,13,PAK,25.57777777777778,1
90,87.0,0.0,2283.0,105.0,3853.0,59.25,2.0,14.0,9.0,1994,2001,8,WI,26.24137931034483,1
295,187.0,57.0,2253.0,83.0,2715.0,82.98,0.0,4.0,23.0,1997,2015,19,NZ,12.04812834224599,1
113,110.0,9.0,2224.0,90.0,3072.0,72.39,0.0,13.0,8.0,2002,2015,14,ZIM,20.21818181818182,1
83,77.0,11.0,2219.0,114.0,3725.0,59.57,3.0,11.0,4.0,1978,1989,12,AUS,28.818181818181817,1
161,128.0,16.0,2210.0,140.0,1979.0,111.67,1.0,10.0,11.0,2009,2019,11,SL,17.265625,1
84,83.0,5.0,2206.0,111.0,3099.0,71.18,2.0,13.0,7.0,1988,1996,9,NZ,26.57831325301205,1
127,105.0,28.0,2204.0,82.0,3614.0,60.98,0.0,14.0,7.0,1992,2001,10,WI,20.99047619047619,1
75,75.0,5.0,2201.0,123.0,3167.0,69.49,4.0,13.0,11.0,2005,2011,7,BDESH,29.346666666666668,1
139,110.0,22.0,2200.0,169.0,2738.0,80.35,2.0,8.0,4.0,2005,2016,12,WI,20.0,1
159,106.0,36.0,2188.0,87.0,2543.0,86.04,0.0,11.0,6.0,2009,2019,11,INDIA,20.641509433962263,1
66,64.0,6.0,2175.0,175.0,2623.0,82.92,8.0,8.0,8.0,2008,2019,12,SCOT,33.984375,1
111,105.0,5.0,2168.0,78.0,3586.0,60.45,0.0,14.0,18.0,1995,2007,13,BDESH,20.64761904761905,1
116,106.0,15.0,2113.0,79.0,2671.0,79.1,0.0,9.0,6.0,1976,1992,17,ENG,19.933962264150942,1
92,88.0,17.0,2095.0,115.0,2968.0,70.58,1.0,9.0,4.0,1977,1993,17,ENG,23.806818181818183,1
75,71.0,18.0,2092.0,113.0,2903.0,72.06,1.0,16.0,2.0,1987,1999,13,ENG,29.464788732394368,1
109,100.0,16.0,2085.0,124.0,2157.0,96.66,1.0,8.0,8.0,1999,2005,7,WI,20.85,1
91,77.0,16.0,2072.0,105.0,2586.0,80.12,2.0,11.0,4.0,2005,2018,14,AUS,26.90909090909091,1
105,99.0,12.0,2072.0,113.0,2880.0,71.94,1.0,12.0,6.0,2007,2019,13,IRE,20.92929292929293,1
104,89.0,9.0,2044.0,98.0,2981.0,68.56,0.0,11.0,6.0,2001,2014,14,KENYA,22.96629213483146,1
56,56.0,1.0,2028.0,127.0,3029.0,66.95,3.0,12.0,2.0,2003,2007,5,PAK,36.214285714285715,1
322,220.0,72.0,2025.0,50.0,2796.0,72.42,0.0,1.0,25.0,1994,2008,15,SL,9.204545454545455,0
90,87.0,1.0,2016.0,144.0,3561.0,56.61,2.0,12.0,12.0,1996,2009,14,KENYA,23.17241379310345,1
74,70.0,10.0,1994.0,105.0,3101.0,64.3,1.0,15.0,3.0,1988,1996,9,INDIA,28.485714285714284,1
86,83.0,10.0,1982.0,90.0,2898.0,68.39,0.0,16.0,9.0,2001,2007,7,ENG,23.879518072289155,1
87,69.0,19.0,1977.0,102.0,2434.0,81.22,1.0,11.0,1.0,1973,1985,13,WI,28.652173913043477,1
83,69.0,11.0,1976.0,115.0,2416.0,81.78,2.0,11.0,6.0,2008,2016,9,NZ,28.63768115942029,1
73,71.0,3.0,1973.0,102.0,2367.0,83.35,1.0,16.0,10.0,2016,2019,4,SL,27.788732394366196,1
97,88.0,6.0,1968.0,98.0,2919.0,67.42,0.0,17.0,12.0,1977,1985,9,AUS,22.363636363636363,1
62,60.0,8.0,1964.0,137.0,2995.0,65.57,2.0,16.0,2.0,2003,2013,11,CAN,32.733333333333334,1
46,46.0,4.0,1958.0,210.0,2056.0,95.23,4.0,13.0,5.0,2017,2019,3,PAK,42.56521739130435,1
68,65.0,3.0,1958.0,122.0,2680.0,73.05,2.0,16.0,9.0,2006,2015,10,WI,30.123076923076923,1
85,85.0,6.0,1954.0,92.0,2353.0,83.04,0.0,14.0,8.0,2004,2010,7,BDESH,22.988235294117647,1
169,120.0,36.0,1945.0,82.0,2881.0,67.51,0.0,6.0,8.0,1981,1991,11,WI,16.208333333333332,1
85,75.0,12.0,1924.0,102.0,3334.0,57.7,2.0,13.0,2.0,1975,1989,15,INDIA,25.653333333333332,1
105,93.0,20.0,1904.0,84.0,2822.0,67.46,0.0,9.0,12.0,1988,1999,12,WI,20.473118279569892,1
79,79.0,2.0,1895.0,160.0,2339.0,81.01,2.0,9.0,10.0,1999,2009,11,PAK,23.9873417721519,1
78,73.0,6.0,1882.0,101.0,2535.0,74.24,1.0,13.0,3.0,2008,2019,12,SCOT,25.78082191780822,1
75,75.0,5.0,1877.0,117.0,3373.0,55.64,2.0,8.0,3.0,1977,1986,10,PAK,25.026666666666667,1
88,80.0,19.0,1874.0,66.0,2885.0,64.95,0.0,8.0,1.0,1979,1987,9,NZ,23.425,1
126,105.0,30.0,1871.0,89.0,1870.0,100.05,0.0,9.0,4.0,2004,2015,12,WI,17.81904761904762,1
147,112.0,32.0,1865.0,80.0,2662.0,70.06,0.0,9.0,11.0,1996,2004,9,WI,16.651785714285715,1
130,98.0,21.0,1858.0,106.0,3083.0,60.26,2.0,11.0,8.0,1984,1996,13,INDIA,18.959183673469386,1
53,53.0,3.0,1845.0,102.0,2478.0,74.45,3.0,12.0,3.0,2011,2018,8,PAK,34.81132075471698,1
71,66.0,6.0,1834.0,107.0,2331.0,78.67,1.0,12.0,6.0,2001,2009,9,ENG,27.78787878787879,1
71,70.0,3.0,1818.0,112.0,2654.0,68.5,2.0,8.0,1.0,1998,2000,3,ZIM,25.97142857142857,1
126,110.0,27.0,1818.0,71.0,3315.0,54.84,0.0,7.0,8.0,1995,2006,12,BDESH,16.527272727272727,1
64,64.0,5.0,1814.0,102.0,3685.0,49.22,1.0,10.0,3.0,1978,1986,9,NZ,28.34375,1
64,61.0,4.0,1813.0,145.0,2413.0,75.13,5.0,8.0,4.0,2010,2019,10,IRE,29.721311475409838,1
84,74.0,12.0,1811.0,96.0,2765.0,65.49,0.0,11.0,1.0,2009,2019,11,AFG,24.472972972972972,1
112,89.0,19.0,1798.0,99.0,1907.0,94.28,0.0,9.0,9.0,2013,2019,7,WI,20.202247191011235,1
69,61.0,6.0,1796.0,111.0,1980.0,90.7,1.0,14.0,4.0,2008,2013,6,AUS,29.442622950819672,1
54,54.0,3.0,1791.0,127.0,3054.0,58.64,2.0,12.0,4.0,1990,1998,9,ENG,33.166666666666664,1
217,156.0,27.0,1786.0,51.0,2037.0,87.67,0.0,1.0,15.0,2001,2019,19,BDESH,11.448717948717949,0
94,80.0,11.0,1777.0,100.0,2164.0,82.11,1.0,10.0,5.0,2012,2017,6,AUS,22.2125,1
101,82.0,13.0,1766.0,128.0,1697.0,104.06,3.0,5.0,5.0,2014,2019,6,ENG,21.536585365853657,1
168,120.0,36.0,1764.0,56.0,2104.0,83.84,0.0,4.0,9.0,1988,1997,10,AUS,14.7,1
94,79.0,21.0,1752.0,79.0,2392.0,73.24,0.0,9.0,6.0,2004,2019,16,INDIA,22.17721518987342,1
115,98.0,17.0,1751.0,79.0,2319.0,75.5,0.0,4.0,4.0,1973,1990,18,NZ,17.867346938775512,1
55,54.0,3.0,1728.0,127.0,1753.0,98.57,2.0,11.0,5.0,2014,2019,6,BDESH,32.0,1
37,37.0,5.0,1723.0,151.0,2141.0,80.47,7.0,6.0,2.0,2017,2019,3,PAK,46.567567567567565,1
58,58.0,2.0,1719.0,107.0,2489.0,69.06,1.0,13.0,3.0,2001,2013,13,PAK,29.637931034482758,1
90,82.0,8.0,1719.0,172.0,2436.0,70.56,2.0,5.0,8.0,1996,2005,10,ZIM,20.963414634146343,1
166,117.0,29.0,1709.0,79.0,2237.0,76.39,0.0,3.0,8.0,1992,2003,12,PAK,14.606837606837606,1
61,61.0,1.0,1708.0,132.0,2389.0,71.49,1.0,12.0,5.0,1998,2006,9,SL,28.0,1
55,50.0,14.0,1694.0,124.0,2143.0,79.04,3.0,10.0,3.0,2013,2019,7,INDIA,33.88,1
64,55.0,10.0,1688.0,131.0,2432.0,69.4,2.0,10.0,2.0,2000,2009,10,SA,30.69090909090909,1
48,48.0,2.0,1679.0,132.0,2389.0,70.28,4.0,11.0,2.0,1998,2000,3,ZIM,34.979166666666664,1
74,73.0,5.0,1668.0,74.0,2733.0,61.03,0.0,9.0,5.0,1990,1999,10,NZ,22.84931506849315,1
147,111.0,17.0,1627.0,89.0,2229.0,72.99,0.0,5.0,8.0,1994,2007,14,SL,14.657657657657658,1
102,84.0,7.0,1624.0,95.0,2254.0,72.04,0.0,8.0,7.0,2006,2017,12,SL,19.333333333333332,1
41,40.0,5.0,1614.0,130.0,1895.0,85.17,2.0,13.0,1.0,2013,2019,7,PAK,40.35,1
41,40.0,6.0,1598.0,171.0,2348.0,68.05,3.0,9.0,1.0,1973,1983,11,NZ,39.95,1
75,62.0,7.0,1587.0,107.0,2254.0,70.4,1.0,13.0,6.0,1999,2011,13,SL,25.596774193548388,1
67,62.0,9.0,1586.0,104.0,1765.0,89.85,1.0,11.0,3.0,2012,2019,8,AFG,25.580645161290324,1
57,55.0,6.0,1586.0,105.0,2402.0,66.02,1.0,12.0,6.0,1994,1999,6,WI,28.836363636363636,1
48,47.0,4.0,1579.0,135.0,2214.0,71.31,4.0,9.0,3.0,1995,2004,10,PAK,33.59574468085106,1
58,55.0,5.0,1573.0,121.0,2315.0,67.94,2.0,11.0,3.0,1979,1987,9,SL,28.6,1
52,49.0,1.0,1571.0,116.0,1679.0,93.56,2.0,9.0,1.0,2014,2019,6,SL,32.06122448979592,1
105,89.0,5.0,1560.0,97.0,1683.0,92.69,0.0,8.0,14.0,2004,2015,12,WI,17.528089887640448,1
40,39.0,2.0,1554.0,104.0,1848.0,84.09,2.0,12.0,2.0,2013,2019,7,AUS,39.84615384615385,1
120,87.0,21.0,1544.0,83.0,1941.0,79.54,0.0,5.0,7.0,2004,2012,9,INDIA,17.74712643678161,1
33,32.0,9.0,1541.0,119.0,1757.0,87.7,5.0,9.0,1.0,2006,2011,6,NL,48.15625,1
63,60.0,2.0,1530.0,142.0,2155.0,70.99,1.0,12.0,5.0,1983,1997,15,ZIM,25.5,1
79,74.0,9.0,1527.0,80.0,2034.0,75.07,0.0,7.0,4.0,1975,1989,15,SL,20.635135135135137,1
143,110.0,26.0,1521.0,67.0,1988.0,76.5,0.0,3.0,9.0,1996,2007,12,PAK,13.827272727272728,1
56,51.0,6.0,1519.0,110.0,2289.0,66.36,2.0,10.0,7.0,2002,2010,9,WI,29.784313725490197,1
75,71.0,12.0,1518.0,88.0,2456.0,61.8,0.0,7.0,6.0,1983,1990,8,NZ,21.380281690140844,1
85,66.0,18.0,1512.0,100.0,1819.0,83.12,1.0,10.0,6.0,2001,2007,7,SA,22.90909090909091,1
56,55.0,1.0,1506.0,113.0,2298.0,65.53,1.0,12.0,5.0,1998,2007,10,KENYA,27.381818181818183,1
80,77.0,5.0,1501.0,61.0,2525.0,59.44,0.0,7.0,6.0,2004,2014,11,KENYA,19.493506493506494,1
66,62.0,9.0,1454.0,101.0,1990.0,73.06,1.0,12.0,3.0,2003,2007,5,NZ,23.451612903225808,1
82,76.0,6.0,1443.0,121.0,2540.0,56.81,1.0,4.0,8.0,2001,2005,5,ZIM,18.986842105263158,1
53,49.0,9.0,1428.0,102.0,1534.0,93.08,1.0,11.0,4.0,2011,2018,8,AUS,29.142857142857142,1
48,48.0,3.0,1418.0,112.0,1881.0,75.38,3.0,8.0,5.0,2008,2015,8,PAK,29.541666666666668,1
43,40.0,3.0,1416.0,139.0,1323.0,107.02,5.0,4.0,2.0,2017,2019,3,WI,35.4,1
83,64.0,15.0,1415.0,101.0,2578.0,54.88,1.0,6.0,5.0,1978,1987,10,WI,22.109375,1
115,71.0,18.0,1414.0,129.0,1594.0,88.7,2.0,4.0,2.0,1995,2005,11,SA,19.91549295774648,1
61,59.0,5.0,1409.0,83.0,2014.0,69.96,0.0,11.0,6.0,1996,2003,8,KENYA,23.88135593220339,1
164,132.0,48.0,1406.0,68.0,2410.0,58.34,0.0,4.0,16.0,2004,2015,12,ZIM,10.651515151515152,1
48,45.0,2.0,1402.0,176.0,1704.0,82.27,2.0,7.0,2.0,2016,2019,4,WI,31.155555555555555,1
85,68.0,9.0,1397.0,170.0,1220.0,114.5,1.0,4.0,7.0,2008,2017,10,NZ,20.544117647058822,1
70,65.0,5.0,1384.0,76.0,2301.0,60.14,0.0,6.0,1.0,1975,1985,11,NZ,21.29230769230769,1
48,42.0,1.0,1362.0,107.0,1429.0,95.31,3.0,6.0,5.0,2008,2014,7,NZ,32.42857142857143,1
34,34.0,0.0,1361.0,106.0,2447.0,55.61,1.0,11.0,2.0,1987,1988,2,ENG,40.029411764705884,1
74,73.0,3.0,1355.0,93.0,2135.0,63.46,0.0,6.0,10.0,2001,2012,12,KENYA,18.561643835616437,1
71,50.0,18.0,1354.0,120.0,1325.0,102.18,2.0,6.0,2.0,2014,2019,6,INDIA,27.08,1
60,58.0,4.0,1336.0,84.0,1979.0,67.5,0.0,9.0,5.0,2010,2017,8,PAK,23.03448275862069,1
49,46.0,5.0,1334.0,112.0,1833.0,72.77,1.0,8.0,2.0,2004,2009,6,NZ,29.0,1
66,59.0,7.0,1333.0,102.0,1461.0,91.23,1.0,6.0,5.0,2014,2019,6,BDESH,22.593220338983052,1
184,123.0,37.0,1327.0,73.0,1629.0,81.46,0.0,4.0,13.0,2003,2017,15,SL,10.788617886178862,0
84,61.0,8.0,1326.0,63.0,1415.0,93.71,0.0,3.0,1.0,2005,2010,6,AUS,21.737704918032787,1
45,42.0,5.0,1324.0,107.0,1926.0,68.74,1.0,9.0,3.0,2001,2006,6,AUS,31.523809523809526,1
59,59.0,4.0,1312.0,85.0,2528.0,51.89,0.0,10.0,2.0,1995,2007,13,BDESH,22.23728813559322,1
55,54.0,7.0,1308.0,89.0,2133.0,61.32,0.0,8.0,6.0,2008,2011,4,BDESH,24.22222222222222,1
49,45.0,2.0,1306.0,96.0,1764.0,74.03,0.0,9.0,2.0,2007,2014,8,KENYA,29.022222222222222,1
54,50.0,4.0,1304.0,118.0,2086.0,62.51,2.0,8.0,8.0,2000,2009,10,NZ,26.08,1
40,40.0,6.0,1293.0,97.0,2308.0,56.02,0.0,9.0,0.0,1991,1994,4,SA,32.325,1
48,48.0,0.0,1283.0,130.0,1531.0,83.8,2.0,4.0,7.0,2012,2016,5,WI,26.729166666666668,1
68,62.0,9.0,1282.0,87.0,1670.0,76.76,0.0,3.0,5.0,2004,2011,8,ENG,20.677419354838708,1
65,52.0,8.0,1281.0,100.0,1605.0,79.81,1.0,6.0,4.0,2011,2018,8,BDESH,24.634615384615383,1
42,39.0,2.0,1273.0,128.0,1414.0,90.02,1.0,10.0,1.0,2016,2018,3,AUS,32.64102564102564,1
140,96.0,33.0,1272.0,69.0,1846.0,68.9,0.0,2.0,4.0,1994,2000,7,INDIA,13.25,1
57,53.0,2.0,1271.0,87.0,1214.0,104.69,0.0,8.0,7.0,2013,2019,7,NZ,23.9811320754717,1
110,80.0,27.0,1270.0,98.0,1651.0,76.92,0.0,4.0,5.0,2001,2013,13,NZ,15.875,1
191,113.0,26.0,1269.0,95.0,1574.0,80.62,0.0,3.0,10.0,1998,2007,10,INDIA,11.230088495575222,0
63,58.0,6.0,1269.0,126.0,2492.0,50.92,1.0,8.0,8.0,1984,1993,10,PAK,21.879310344827587,1
50,43.0,6.0,1265.0,127.0,1669.0,75.79,1.0,9.0,3.0,1993,1996,4,PAK,29.41860465116279,1
79,72.0,6.0,1259.0,99.0,1639.0,76.81,0.0,5.0,10.0,2009,2018,10,ZIM,17.48611111111111,1
38,37.0,1.0,1249.0,133.0,1454.0,85.9,2.0,8.0,1.0,2015,2019,5,SL,33.75675675675676,1
59,50.0,10.0,1247.0,97.0,1260.0,98.96,0.0,6.0,2.0,2013,2019,7,NZ,24.94,1
87,64.0,15.0,1242.0,74.0,1534.0,80.96,0.0,9.0,5.0,1985,1991,7,AUS,19.40625,1
36,35.0,3.0,1239.0,132.0,1313.0,94.36,3.0,7.0,5.0,2014,2016,3,SA,35.4,1
236,128.0,35.0,1237.0,49.0,1526.0,81.06,0.0,0.0,17.0,1998,2015,18,INDIA,9.6640625,0
54,51.0,5.0,1237.0,110.0,1643.0,75.28,1.0,7.0,3.0,1994,1999,6,AUS,24.254901960784313,1
69,66.0,3.0,1235.0,115.0,1817.0,67.96,1.0,5.0,5.0,2002,2011,10,BDESH,18.71212121212121,1
38,38.0,3.0,1231.0,119.0,1847.0,66.64,2.0,7.0,1.0,1999,2010,12,SCOT,32.39473684210526,1
57,51.0,7.0,1230.0,159.0,1721.0,71.47,1.0,4.0,4.0,2001,2007,7,INDIA,24.11764705882353,1
92,76.0,15.0,1225.0,66.0,1489.0,82.26,0.0,4.0,7.0,1971,1984,14,AUS,16.11842105263158,1
141,87.0,33.0,1222.0,69.0,1879.0,65.03,0.0,4.0,2.0,1994,2004,11,SL,14.045977011494253,1
40,40.0,1.0,1219.0,106.0,1477.0,82.53,1.0,11.0,2.0,2014,2019,6,UAE,30.475,1
51,50.0,1.0,1216.0,114.0,1923.0,63.23,1.0,7.0,4.0,2009,2019,11,AFG,24.32,1
76,64.0,12.0,1211.0,89.0,1747.0,69.31,0.0,10.0,6.0,1987,1999,13,AUS,18.921875,1
54,53.0,1.0,1196.0,100.0,1753.0,68.22,1.0,6.0,6.0,2007,2011,5,BDESH,22.566037735849058,1
125,106.0,17.0,1191.0,77.0,1663.0,71.61,0.0,2.0,15.0,1995,2007,13,BDESH,11.235849056603774,0
99,68.0,20.0,1186.0,95.0,1316.0,90.12,0.0,4.0,6.0,2011,2019,9,ENG,17.441176470588236,1
221,110.0,44.0,1176.0,59.0,1407.0,83.58,0.0,3.0,16.0,2000,2012,13,AUS,10.690909090909091,1
45,39.0,6.0,1174.0,81.0,1725.0,68.05,0.0,7.0,0.0,2003,2006,4,SA,30.102564102564102,1
49,48.0,6.0,1139.0,129.0,1512.0,75.33,2.0,4.0,4.0,2009,2016,8,AFG,23.729166666666668,1
52,48.0,1.0,1136.0,114.0,1536.0,73.95,2.0,5.0,0.0,2014,2019,6,SCOT,23.666666666666668,1
42,40.0,7.0,1128.0,72.0,1534.0,73.53,0.0,8.0,4.0,2006,2013,8,KENYA,28.2,1
45,43.0,10.0,1120.0,124.0,1359.0,82.41,1.0,9.0,5.0,2015,2019,5,NZ,26.046511627906977,1
44,42.0,6.0,1115.0,139.0,1615.0,69.04,2.0,6.0,2.0,2010,2017,8,SCOT,26.547619047619047,1
109,75.0,18.0,1113.0,69.0,1294.0,86.01,0.0,2.0,3.0,2004,2016,13,SL,14.84,1
49,45.0,5.0,1109.0,131.0,1020.0,108.72,1.0,4.0,4.0,2013,2017,5,NZ,24.644444444444446,1
63,56.0,9.0,1109.0,78.0,1906.0,58.18,0.0,5.0,5.0,1996,2006,11,KENYA,19.803571428571427,1
41,40.0,3.0,1102.0,98.0,1615.0,68.23,0.0,10.0,2.0,2006,2014,9,NL,27.55,1
51,46.0,5.0,1097.0,106.0,1504.0,72.93,2.0,5.0,2.0,2000,2006,7,ENG,23.847826086956523,1
57,56.0,10.0,1097.0,77.0,1873.0,58.56,0.0,8.0,7.0,1996,2011,16,NL,19.589285714285715,1
95,73.0,24.0,1090.0,47.0,1651.0,66.02,0.0,0.0,5.0,1994,2001,8,ZIM,14.931506849315069,1
36,34.0,4.0,1082.0,105.0,2020.0,53.56,1.0,9.0,1.0,1971,1981,11,ENG,31.823529411764707,1
59,49.0,14.0,1074.0,70.0,1097.0,97.9,0.0,6.0,4.0,2013,2018,6,SA,21.918367346938776,1
84,62.0,11.0,1070.0,65.0,1220.0,87.7,0.0,4.0,3.0,2009,2015,7,NZ,17.258064516129032,1
66,55.0,14.0,1068.0,113.0,1671.0,63.91,1.0,6.0,8.0,1986,1996,11,PAK,19.418181818181818,1
49,45.0,5.0,1067.0,88.0,1702.0,62.69,0.0,5.0,4.0,1976,1985,10,ENG,23.711111111111112,1
39,39.0,6.0,1062.0,97.0,1667.0,63.7,0.0,9.0,4.0,2013,2019,7,AFG,27.23076923076923,1
47,45.0,2.0,1059.0,107.0,1506.0,70.31,1.0,5.0,4.0,2003,2013,11,WI,23.533333333333335,1
86,72.0,11.0,1055.0,74.0,1685.0,62.61,0.0,3.0,8.0,1999,2011,13,KENYA,14.652777777777779,1
98,77.0,16.0,1055.0,62.0,1061.0,99.43,0.0,3.0,7.0,1980,1992,13,NZ,13.7012987012987,1
46,40.0,5.0,1054.0,107.0,1172.0,89.93,1.0,5.0,4.0,2010,2013,4,ENG,26.35,1
38,35.0,0.0,1052.0,120.0,1488.0,70.69,3.0,3.0,6.0,2012,2019,8,BDESH,30.057142857142857,1
41,38.0,7.0,1050.0,146.0,1143.0,91.86,1.0,6.0,3.0,2015,2019,5,AUS,27.63157894736842,1
170,101.0,34.0,1047.0,54.0,1282.0,81.66,0.0,2.0,8.0,2001,2015,15,NZ,10.366336633663366,0
41,37.0,1.0,1046.0,139.0,1572.0,66.53,1.0,7.0,3.0,2005,2011,7,NZ,28.27027027027027,1
65,56.0,8.0,1041.0,82.0,1424.0,73.1,0.0,5.0,5.0,2011,2019,9,AFG,18.589285714285715,1
56,47.0,9.0,1034.0,92.0,794.0,130.22,0.0,4.0,6.0,2011,2019,9,WI,22.0,1
69,52.0,22.0,1032.0,116.0,990.0,104.24,1.0,4.0,4.0,2013,2017,5,AUS,19.846153846153847,1
54,52.0,1.0,1022.0,72.0,1978.0,51.66,0.0,4.0,3.0,1983,1990,8,SL,19.653846153846153,1
52,41.0,12.0,1018.0,89.0,1502.0,67.77,0.0,3.0,4.0,2002,2007,6,SA,24.829268292682926,1
194,107.0,29.0,1018.0,55.0,1413.0,72.04,0.0,1.0,10.0,1993,2005,13,ICC,9.514018691588785,0
45,42.0,1.0,1005.0,84.0,1223.0,82.17,0.0,9.0,4.0,1980,1986,7,INDIA,23.928571428571427,1
46,44.0,0.0,1005.0,83.0,1278.0,78.63,0.0,9.0,4.0,2009,2018,10,WI,22.84090909090909,1
43,43.0,1.0,1005.0,108.0,1833.0,54.82,1.0,6.0,5.0,2003,2006,4,BDESH,23.372093023255815,1
58,50.0,5.0,1004.0,96.0,1176.0,85.37,0.0,5.0,5.0,2006,2014,9,NL,20.08,1
43,42.0,6.0,1002.0,121.0,1451.0,69.05,2.0,4.0,3.0,2006,2011,6,SCOT,23.857142857142858,1
77,72.0,3.0,991.0,50.0,1461.0,67.83,0.0,1.0,9.0,1998,2006,9,BDESH,13.76388888888889,0
78,65.0,6.0,987.0,60.0,941.0,104.88,0.0,2.0,6.0,1974,1985,12,NZ,15.184615384615384,1
42,42.0,1.0,987.0,73.0,1634.0,60.4,0.0,9.0,3.0,1993,1997,5,AUS,23.5,1
50,48.0,0.0,980.0,74.0,1515.0,64.68,0.0,5.0,3.0,1997,2002,6,NZ,20.416666666666668,1
44,44.0,2.0,976.0,65.0,1721.0,56.71,0.0,5.0,3.0,1988,2003,16,BDESH,22.181818181818183,1
23,22.0,2.0,976.0,101.0,1391.0,70.16,1.0,8.0,0.0,2010,2013,4,NL,44.36363636363637,1
44,41.0,0.0,976.0,81.0,1291.0,75.6,0.0,7.0,2.0,2010,2019,10,AFG,23.804878048780488,1
59,51.0,15.0,975.0,84.0,1473.0,66.19,0.0,5.0,5.0,2008,2014,7,BDESH,19.11764705882353,1
36,35.0,1.0,974.0,101.0,1559.0,62.47,1.0,9.0,4.0,2006,2011,6,SCOT,27.82857142857143,1
262,139.0,45.0,969.0,37.0,1445.0,67.05,0.0,0.0,15.0,1989,2003,15,PAK,6.971223021582734,0
38,36.0,12.0,966.0,114.0,1297.0,74.47,1.0,6.0,3.0,2007,2015,9,PAK,26.833333333333332,1
56,52.0,10.0,964.0,83.0,1427.0,67.55,0.0,5.0,2.0,1990,1996,7,NZ,18.53846153846154,1
64,55.0,14.0,963.0,96.0,1215.0,79.25,0.0,3.0,6.0,2006,2015,10,IRE,17.509090909090908,1
44,42.0,7.0,959.0,84.0,1479.0,64.84,0.0,6.0,2.0,1982,1987,6,AUS,22.833333333333332,1
54,38.0,6.0,957.0,83.0,828.0,115.57,0.0,4.0,3.0,2016,2019,4,INDIA,25.18421052631579,1
35,35.0,4.0,956.0,123.0,1286.0,74.33,1.0,6.0,4.0,2006,2010,5,SCOT,27.314285714285713,1
136,83.0,19.0,955.0,66.0,1246.0,76.64,0.0,2.0,5.0,1980,1992,13,WI,11.506024096385541,0
47,47.0,0.0,955.0,112.0,1190.0,80.25,1.0,3.0,4.0,2014,2019,6,ZIM,20.319148936170212,1
53,39.0,16.0,952.0,63.0,868.0,109.67,0.0,5.0,1.0,2015,2019,5,PAK,24.41025641025641,1
153,91.0,32.0,951.0,73.0,987.0,96.35,0.0,2.0,6.0,2005,2015,11,AUS,10.45054945054945,0
63,56.0,5.0,950.0,73.0,1574.0,60.35,0.0,3.0,4.0,1979,1988,10,SL,16.964285714285715,1
39,39.0,4.0,943.0,109.0,1161.0,81.22,1.0,5.0,7.0,2009,2017,9,NZ,24.17948717948718,1
271,136.0,47.0,938.0,26.0,1536.0,61.06,0.0,0.0,18.0,1990,2007,18,INDIA,6.897058823529412,0
51,50.0,0.0,936.0,86.0,1202.0,77.87,0.0,5.0,6.0,1995,2001,7,NZ,18.72,1
46,42.0,6.0,934.0,86.0,1031.0,90.59,0.0,6.0,4.0,2006,2015,10,INDIA,22.238095238095237,1
32,31.0,5.0,927.0,137.0,1225.0,75.67,1.0,6.0,4.0,2010,2019,10,NL,29.903225806451612,1
39,36.0,3.0,924.0,92.0,1263.0,73.15,0.0,4.0,2.0,2006,2012,7,NL,25.666666666666668,1
44,41.0,4.0,915.0,92.0,1126.0,81.26,0.0,6.0,2.0,2006,2010,5,CAN,22.317073170731707,1
88,56.0,13.0,905.0,81.0,1206.0,75.04,0.0,3.0,5.0,1999,2007,9,SA,16.160714285714285,1
71,56.0,9.0,905.0,60.0,906.0,99.88,0.0,4.0,6.0,2015,2019,5,AFG,16.160714285714285,1
69,54.0,21.0,898.0,67.0,1021.0,87.95,0.0,2.0,3.0,2015,2019,5,NZ,16.62962962962963,1
35,35.0,3.0,890.0,111.0,1257.0,70.8,1.0,5.0,1.0,2009,2018,10,AUS,25.428571428571427,1
26,25.0,4.0,889.0,111.0,1098.0,80.96,3.0,5.0,2.0,2016,2019,4,INDIA,35.56,1
27,26.0,5.0,887.0,101.0,1107.0,80.12,1.0,7.0,2.0,2011,2015,5,ENG,34.11538461538461,1
229,121.0,38.0,883.0,53.0,1109.0,79.62,0.0,1.0,19.0,1991,2003,13,INDIA,7.297520661157025,0
42,40.0,9.0,883.0,89.0,1401.0,63.02,0.0,4.0,0.0,1978,1985,8,INDIA,22.075,1
85,64.0,20.0,871.0,80.0,965.0,90.25,0.0,1.0,6.0,2006,2015,10,ENG,13.609375,1
39,36.0,6.0,870.0,93.0,1250.0,69.6,0.0,5.0,2.0,2004,2014,11,SL,24.166666666666668,1
31,28.0,9.0,870.0,112.0,998.0,87.17,1.0,4.0,0.0,2007,2013,7,AUS,31.071428571428573,1
122,77.0,33.0,868.0,53.0,1298.0,66.87,0.0,1.0,6.0,1991,1998,8,SA,11.272727272727273,1
43,43.0,4.0,868.0,92.0,1227.0,70.74,0.0,6.0,4.0,2000,2009,10,ZIM,20.186046511627907,1
40,36.0,10.0,867.0,100.0,1180.0,73.47,1.0,4.0,1.0,2000,2004,5,INDIA,24.083333333333332,1
51,43.0,8.0,862.0,80.0,1117.0,77.17,0.0,4.0,1.0,2004,2014,11,PNG,20.046511627906977,1
53,42.0,11.0,862.0,105.0,1244.0,69.29,2.0,0.0,4.0,1998,2011,14,SL,20.523809523809526,1
28,24.0,2.0,861.0,117.0,1319.0,65.27,2.0,8.0,1.0,1983,1985,3,AUS,35.875,1
18,18.0,0.0,859.0,137.0,1185.0,72.48,4.0,1.0,0.0,1972,1977,6,ENG,47.72222222222222,1
105,73.0,20.0,855.0,45.0,1162.0,73.58,0.0,0.0,5.0,1983,1996,14,WI,11.712328767123287,0
48,41.0,6.0,852.0,75.0,994.0,85.71,0.0,6.0,1.0,1982,1986,5,AUS,20.78048780487805,1
31,30.0,3.0,848.0,142.0,1495.0,56.72,2.0,4.0,1.0,1980,1988,9,ENG,28.266666666666666,1
86,69.0,28.0,844.0,51.0,1320.0,63.93,0.0,1.0,2.0,1992,1999,8,SL,12.231884057971014,1
39,39.0,2.0,844.0,76.0,1207.0,69.92,0.0,4.0,2.0,1983,1994,12,SL,21.641025641025642,1
35,34.0,1.0,843.0,71.0,1414.0,59.61,0.0,9.0,5.0,1999,2006,8,WI,24.794117647058822,1
31,29.0,3.0,843.0,124.0,1024.0,82.32,3.0,3.0,5.0,2010,2013,4,SA,29.06896551724138,1
78,52.0,16.0,841.0,127.0,1147.0,73.32,1.0,0.0,3.0,1991,1998,8,SA,16.173076923076923,1
39,35.0,1.0,831.0,194.0,937.0,88.68,1.0,3.0,5.0,2003,2015,13,ZIM,23.742857142857144,1
18,18.0,2.0,828.0,143.0,1080.0,76.66,1.0,7.0,1.0,2014,2018,5,HKG,46.0,1
49,45.0,5.0,827.0,58.0,1225.0,67.51,0.0,4.0,3.0,2014,2019,6,ZIM,18.377777777777776,1
39,36.0,2.0,826.0,76.0,1146.0,72.07,0.0,5.0,3.0,1977,1986,10,AUS,22.944444444444443,1
25,24.0,1.0,826.0,138.0,1100.0,75.09,2.0,4.0,1.0,2013,2014,2,AUS,34.416666666666664,1
31,28.0,4.0,826.0,78.0,1329.0,62.15,0.0,6.0,0.0,1973,1981,9,WI,29.5,1
78,69.0,14.0,824.0,50.0,1571.0,52.45,0.0,1.0,4.0,1982,1990,9,SL,11.942028985507246,0
30,27.0,6.0,823.0,66.0,1288.0,63.89,0.0,7.0,1.0,1978,1984,7,AUS,30.48148148148148,1
39,38.0,3.0,818.0,83.0,1172.0,69.79,0.0,4.0,4.0,1987,1997,11,ZIM,21.526315789473685,1
42,39.0,7.0,814.0,84.0,1073.0,75.86,0.0,4.0,3.0,2016,2019,4,SL,20.871794871794872,1
25,25.0,0.0,812.0,152.0,716.0,113.4,1.0,6.0,2.0,2013,2017,5,PAK,32.48,1
57,41.0,11.0,810.0,123.0,713.0,113.6,2.0,3.0,7.0,2008,2012,5,INDIA,19.75609756097561,1
29,26.0,6.0,804.0,85.0,874.0,91.99,0.0,4.0,1.0,2018,2019,2,AUS,30.923076923076923,1
32,32.0,2.0,799.0,111.0,767.0,104.17,1.0,5.0,5.0,2003,2011,9,CAN,24.96875,1
39,39.0,5.0,794.0,70.0,1403.0,56.59,0.0,3.0,5.0,1988,2002,15,BDESH,20.358974358974358,1
200,101.0,35.0,792.0,34.0,1078.0,73.46,0.0,0.0,15.0,2000,2012,13,INDIA,7.841584158415841,0
123,65.0,26.0,790.0,71.0,1004.0,78.68,0.0,2.0,9.0,1996,2008,13,AUS,12.153846153846153,1
23,22.0,1.0,786.0,109.0,1052.0,74.71,1.0,7.0,1.0,1973,1982,10,PAK,35.72727272727273,1
35,33.0,1.0,786.0,86.0,1636.0,48.04,0.0,4.0,1.0,1982,1987,6,SL,23.818181818181817,1
22,22.0,2.0,784.0,89.0,999.0,78.47,0.0,8.0,3.0,2014,2018,5,HKG,35.63636363636363,1
32,31.0,2.0,783.0,102.0,1166.0,67.15,1.0,6.0,2.0,1986,1989,4,INDIA,25.258064516129032,1
35,34.0,3.0,783.0,101.0,1222.0,64.07,1.0,4.0,5.0,2006,2009,4,BMUDA,23.029411764705884,1
58,43.0,10.0,782.0,97.0,780.0,100.25,0.0,2.0,1.0,2004,2012,9,SA,18.186046511627907,1
54,45.0,10.0,782.0,60.0,1168.0,66.95,0.0,2.0,6.0,1973,1985,13,PAK,17.377777777777776,1
153,97.0,39.0,779.0,53.0,1020.0,76.37,0.0,1.0,12.0,2004,2014,11,BDESH,8.030927835051546,0
61,46.0,3.0,776.0,79.0,1235.0,62.83,0.0,1.0,4.0,2006,2014,9,IRE,16.869565217391305,1
33,33.0,2.0,768.0,121.0,871.0,88.17,1.0,3.0,4.0,2015,2019,5,BDESH,23.272727272727273,1
86,62.0,19.0,768.0,62.0,1024.0,75.0,0.0,4.0,5.0,1982,1990,9,PAK,12.387096774193548,1
53,47.0,5.0,764.0,96.0,1006.0,75.94,0.0,2.0,3.0,1992,2002,11,ZIM,16.25531914893617,1
33,32.0,1.0,764.0,94.0,685.0,111.53,0.0,6.0,3.0,2008,2013,6,CAN,23.875,1
24,22.0,3.0,757.0,131.0,1134.0,66.75,1.0,5.0,0.0,1971,1982,12,ENG,34.40909090909091,1
29,27.0,4.0,755.0,79.0,1553.0,48.61,0.0,4.0,1.0,1980,1983,4,AUS,27.962962962962962,1
59,47.0,14.0,745.0,71.0,1159.0,64.27,0.0,2.0,8.0,2007,2015,9,IRE,15.851063829787234,1
96,71.0,20.0,744.0,58.0,1196.0,62.2,0.0,1.0,7.0,2009,2018,10,ZIM,10.47887323943662,0
26,26.0,2.0,744.0,81.0,1321.0,56.32,0.0,4.0,2.0,1983,1986,4,ENG,28.615384615384617,1
67,53.0,15.0,743.0,45.0,785.0,94.64,0.0,0.0,3.0,2006,2013,8,IRE,14.018867924528301,1
54,46.0,13.0,741.0,50.0,827.0,89.6,0.0,1.0,1.0,1984,1995,12,PAK,16.108695652173914,1
27,27.0,2.0,740.0,130.0,1045.0,70.81,1.0,2.0,2.0,2003,2009,7,CAN,27.40740740740741,1
27,27.0,0.0,739.0,104.0,1082.0,68.29,1.0,2.0,1.0,2014,2019,6,PNG,27.37037037037037,1
38,34.0,3.0,736.0,95.0,962.0,76.5,0.0,4.0,2.0,2003,2012,10,INDIA,21.647058823529413,1
26,25.0,2.0,735.0,89.0,881.0,83.42,0.0,5.0,1.0,2013,2016,4,PAK,29.4,1
23,22.0,0.0,734.0,114.0,952.0,77.1,1.0,3.0,1.0,2013,2016,4,SCOT,33.36363636363637,1
37,36.0,0.0,732.0,74.0,1000.0,73.2,0.0,4.0,4.0,2000,2003,4,NZ,20.333333333333332,1
19,17.0,3.0,728.0,118.0,661.0,110.13,1.0,5.0,1.0,2019,2019,1,WI,42.8235294117647,1
29,28.0,2.0,720.0,83.0,1471.0,48.94,0.0,4.0,1.0,1980,1984,5,ENG,25.714285714285715,1
26,26.0,0.0,718.0,151.0,892.0,80.49,1.0,2.0,2.0,2014,2019,6,PNG,27.615384615384617,1
64,45.0,4.0,716.0,45.0,1092.0,65.56,0.0,0.0,4.0,1996,2001,6,ENG,15.911111111111111,1
73,51.0,11.0,715.0,48.0,811.0,88.16,0.0,0.0,2.0,1997,2004,8,AUS,14.019607843137255,1
30,30.0,4.0,713.0,80.0,928.0,76.83,0.0,3.0,2.0,2016,2019,4,UAE,23.766666666666666,1
169,98.0,38.0,711.0,37.0,1434.0,49.58,0.0,0.0,13.0,1995,2003,9,PAK,7.255102040816326,0
50,39.0,4.0,707.0,52.0,820.0,86.21,0.0,2.0,5.0,2007,2014,8,ENG,18.128205128205128,1
32,28.0,7.0,705.0,115.0,787.0,89.58,2.0,3.0,1.0,2015,2019,5,PAK,25.178571428571427,1
40,37.0,6.0,704.0,72.0,1115.0,63.13,0.0,4.0,1.0,2002,2013,12,SL,19.027027027027028,1
33,33.0,0.0,701.0,103.0,1151.0,60.9,1.0,2.0,4.0,1991,2000,10,WI,21.242424242424242,1
42,34.0,7.0,698.0,100.0,816.0,85.53,1.0,2.0,5.0,2001,2004,4,ZIM,20.529411764705884,1
80,54.0,13.0,694.0,61.0,830.0,83.61,0.0,3.0,6.0,1993,1999,7,SA,12.851851851851851,1
15,15.0,2.0,691.0,121.0,817.0,84.57,2.0,4.0,1.0,2016,2018,3,UAE,46.06666666666667,1
103,66.0,23.0,690.0,67.0,823.0,83.83,0.0,1.0,4.0,1987,1997,11,ENG,10.454545454545455,0
31,29.0,3.0,682.0,65.0,989.0,68.95,0.0,4.0,0.0,2005,2015,11,WI,23.517241379310345,1
89,64.0,15.0,680.0,54.0,787.0,86.4,0.0,2.0,12.0,2008,2019,12,PAK,10.625,0
55,36.0,6.0,678.0,86.0,929.0,72.98,0.0,5.0,4.0,1992,1999,8,WI,18.833333333333332,1
140,85.0,32.0,676.0,55.0,686.0,98.54,0.0,1.0,12.0,2008,2019,12,NZ,7.952941176470588,0
111,61.0,19.0,675.0,65.0,776.0,86.98,0.0,1.0,6.0,2010,2017,8,INDIA,11.065573770491802,0
20,20.0,0.0,675.0,94.0,814.0,82.92,0.0,3.0,0.0,2014,2018,5,HKG,33.75,1
350,162.0,63.0,674.0,33.0,869.0,77.56,0.0,0.0,25.0,1993,2011,19,SL,4.160493827160494,0
16,16.0,2.0,673.0,86.0,874.0,77.0,0.0,8.0,0.0,1971,1980,10,AUS,42.0625,1
48,41.0,4.0,672.0,100.0,949.0,70.81,1.0,3.0,4.0,2000,2003,4,ZIM,16.390243902439025,1
34,33.0,0.0,671.0,109.0,985.0,68.12,1.0,1.0,3.0,2014,2019,6,UAE,20.333333333333332,1
34,31.0,3.0,670.0,101.0,806.0,83.12,1.0,2.0,2.0,2016,2018,3,WI,21.612903225806452,1
35,33.0,1.0,669.0,66.0,1318.0,50.75,0.0,4.0,3.0,1992,1999,8,SL,20.272727272727273,1
42,38.0,4.0,666.0,56.0,970.0,68.65,0.0,2.0,5.0,2006,2011,6,IRE,17.526315789473685,1
18,14.0,5.0,664.0,95.0,811.0,81.87,0.0,7.0,0.0,2019,2019,1,SA,47.42857142857143,1
30,25.0,9.0,663.0,71.0,777.0,85.32,0.0,5.0,0.0,2009,2011,3,AUS,26.52,1
89,50.0,19.0,646.0,56.0,629.0,102.7,0.0,1.0,3.0,2005,2019,15,ENG,12.92,1
24,24.0,1.0,646.0,82.0,1092.0,59.15,0.0,6.0,3.0,1999,1999,1,INDIA,26.916666666666668,1
26,24.0,1.0,643.0,67.0,755.0,85.16,0.0,2.0,1.0,2017,2019,3,SA,26.791666666666668,1
31,31.0,3.0,642.0,69.0,1125.0,57.06,0.0,4.0,3.0,1983,1987,5,PAK,20.70967741935484,1
104,68.0,26.0,641.0,41.0,849.0,75.5,0.0,0.0,6.0,1983,1993,11,PAK,9.426470588235293,0
22,22.0,3.0,641.0,102.0,912.0,70.28,1.0,4.0,4.0,2006,2009,4,BMUDA,29.136363636363637,1
176,96.0,36.0,639.0,31.0,985.0,64.87,0.0,0.0,13.0,1988,2000,13,WI,6.65625,0
58,44.0,10.0,636.0,72.0,769.0,82.7,0.0,1.0,2.0,2010,2019,10,SL,14.454545454545455,1
38,29.0,6.0,633.0,74.0,590.0,107.28,0.0,3.0,2.0,2012,2019,8,NZ,21.82758620689655,1
25,24.0,1.0,633.0,88.0,1084.0,58.39,0.0,4.0,0.0,1980,1986,7,NZ,26.375,1
37,31.0,1.0,633.0,80.0,953.0,66.42,0.0,3.0,2.0,2002,2013,12,NL,20.419354838709676,1
22,20.0,1.0,632.0,117.0,649.0,97.38,1.0,4.0,2.0,2017,2019,3,AUS,31.6,1
72,49.0,10.0,629.0,57.0,1046.0,60.13,0.0,1.0,4.0,1980,1987,8,INDIA,12.83673469387755,0
121,70.0,27.0,629.0,37.0,970.0,64.84,0.0,0.0,6.0,1990,1999,10,NZ,8.985714285714286,0
54,41.0,8.0,626.0,63.0,589.0,106.28,0.0,5.0,3.0,1999,2010,12,ZIM,15.268292682926829,1
81,53.0,13.0,624.0,42.0,940.0,66.38,0.0,0.0,3.0,1992,2002,11,NZ,11.773584905660377,0
75,63.0,10.0,623.0,71.0,868.0,71.77,0.0,1.0,6.0,1987,1997,11,NZ,9.88888888888889,0
39,35.0,4.0,621.0,92.0,978.0,63.49,0.0,2.0,3.0,2008,2014,7,KENYA,17.742857142857144,1
59,50.0,13.0,619.0,54.0,911.0,67.94,0.0,1.0,5.0,1984,1993,10,AUS,12.38,1
27,27.0,1.0,617.0,114.0,1109.0,55.63,1.0,3.0,6.0,1988,1996,9,INDIA,22.85185185185185,1
40,37.0,6.0,617.0,76.0,928.0,66.48,0.0,2.0,5.0,1996,2003,8,ZIM,16.675675675675677,1
29,26.0,3.0,612.0,80.0,928.0,65.94,0.0,3.0,2.0,1978,1983,6,WI,23.53846153846154,1
70,55.0,18.0,612.0,33.0,705.0,86.8,0.0,0.0,4.0,1982,1993,12,SL,11.127272727272727,1
78,50.0,18.0,609.0,46.0,710.0,85.77,0.0,0.0,2.0,2005,2012,8,SA,12.18,1
159,87.0,38.0,609.0,46.0,947.0,64.3,0.0,0.0,10.0,1994,2006,13,ICC,7.0,0
35,30.0,6.0,606.0,83.0,807.0,75.09,0.0,3.0,1.0,1996,1999,4,ENG,20.2,1
38,35.0,2.0,599.0,78.0,1017.0,58.89,0.0,1.0,2.0,2008,2019,12,ZIM,17.114285714285714,1
37,31.0,6.0,599.0,65.0,876.0,68.37,0.0,2.0,4.0,1993,1997,5,WI,19.322580645161292,1
26,26.0,0.0,597.0,83.0,1026.0,58.18,0.0,3.0,2.0,1984,1988,5,ENG,22.96153846153846,1
23,23.0,3.0,594.0,117.0,1105.0,53.75,1.0,2.0,0.0,1979,1982,4,AUS,25.82608695652174,1
41,35.0,1.0,593.0,47.0,1148.0,51.65,0.0,0.0,1.0,1980,1990,11,PAK,16.942857142857143,1
25,24.0,0.0,591.0,124.0,1047.0,56.44,1.0,0.0,3.0,1979,1991,13,ENG,24.625,1
26,25.0,3.0,590.0,52.0,504.0,117.06,0.0,1.0,3.0,2006,2009,4,BMUDA,23.6,1
99,43.0,12.0,588.0,69.0,574.0,102.43,0.0,1.0,4.0,2009,2019,11,ENG,13.674418604651162,1
28,24.0,2.0,586.0,97.0,801.0,73.15,0.0,4.0,3.0,2011,2019,9,SL,24.416666666666668,1
22,21.0,2.0,586.0,146.0,776.0,75.51,2.0,2.0,2.0,2011,2013,3,NZ,27.904761904761905,1
69,45.0,11.0,584.0,61.0,653.0,89.43,0.0,1.0,4.0,1996,2001,6,INDIA,12.977777777777778,1
33,33.0,4.0,583.0,60.0,1008.0,57.83,0.0,1.0,3.0,1990,1994,5,NZ,17.666666666666668,1
16,16.0,2.0,582.0,132.0,725.0,80.27,1.0,3.0,0.0,2004,2015,12,UAE,36.375,1
33,31.0,2.0,582.0,74.0,814.0,71.49,0.0,3.0,3.0,2014,2019,6,ZIM,18.774193548387096,1
33,28.0,3.0,581.0,54.0,822.0,70.68,0.0,3.0,1.0,2015,2019,5,WI,20.75,1
87,57.0,22.0,579.0,62.0,835.0,69.34,0.0,2.0,5.0,2010,2019,10,IRE,10.157894736842104,1
31,25.0,4.0,575.0,114.0,724.0,79.41,1.0,1.0,0.0,2016,2019,4,SL,23.0,1
25,21.0,2.0,575.0,123.0,657.0,87.51,1.0,3.0,3.0,2005,2007,3,AUS,27.38095238095238,1
22,22.0,1.0,575.0,106.0,860.0,66.86,1.0,2.0,1.0,1994,1999,6,SA,26.136363636363637,1
41,40.0,0.0,574.0,65.0,970.0,59.17,0.0,2.0,8.0,2001,2007,7,BDESH,14.35,0
28,25.0,2.0,573.0,96.0,838.0,68.37,0.0,5.0,3.0,2010,2018,9,NZ,22.92,1
51,41.0,5.0,568.0,57.0,928.0,61.2,0.0,1.0,9.0,1994,2003,10,ENG,13.853658536585366,0
226,119.0,36.0,567.0,56.0,761.0,74.5,0.0,1.0,26.0,2004,2019,16,SL,4.764705882352941,0
54,40.0,6.0,566.0,71.0,931.0,60.79,0.0,3.0,6.0,2006,2015,10,SCOT,14.15,1
94,65.0,22.0,563.0,42.0,808.0,69.67,0.0,0.0,5.0,1984,1993,10,INDIA,8.661538461538461,0
25,25.0,3.0,562.0,61.0,732.0,76.77,0.0,2.0,3.0,2017,2019,3,SCOT,22.48,1
44,37.0,3.0,559.0,101.0,614.0,91.04,1.0,1.0,2.0,2011,2019,9,WI,15.108108108108109,1
28,26.0,1.0,557.0,60.0,749.0,74.36,0.0,3.0,1.0,2012,2018,7,BDESH,21.423076923076923,1
24,23.0,1.0,556.0,90.0,989.0,56.21,0.0,5.0,1.0,1988,1994,7,PAK,24.17391304347826,1
79,41.0,14.0,556.0,68.0,688.0,80.81,0.0,1.0,4.0,2002,2014,13,SA,13.560975609756097,1
32,30.0,3.0,551.0,57.0,889.0,61.97,0.0,2.0,3.0,1995,1999,5,AUS,18.366666666666667,1
28,24.0,1.0,551.0,91.0,795.0,69.3,0.0,4.0,2.0,2011,2018,8,WI,22.958333333333332,1
35,30.0,10.0,549.0,52.0,633.0,86.72,0.0,2.0,1.0,2016,2019,4,BDESH,18.3,1
52,32.0,15.0,549.0,69.0,610.0,90.0,0.0,1.0,3.0,2016,2019,4,SA,17.15625,1
51,39.0,5.0,548.0,91.0,724.0,75.69,0.0,3.0,5.0,2000,2004,5,ZIM,14.051282051282051,0
23,23.0,0.0,546.0,88.0,993.0,54.98,0.0,3.0,1.0,2006,2007,2,ZIM,23.73913043478261,1
25,25.0,2.0,543.0,76.0,1043.0,52.06,0.0,3.0,4.0,1996,2000,5,PAK,21.72,1
33,33.0,3.0,542.0,157.0,810.0,66.91,1.0,1.0,6.0,2005,2019,15,WI,16.424242424242426,1
25,23.0,7.0,539.0,63.0,662.0,81.41,0.0,3.0,0.0,1991,1996,6,SA,23.434782608695652,1
26,24.0,1.0,538.0,64.0,855.0,62.92,0.0,5.0,3.0,1977,1986,10,ENG,22.416666666666668,1
93,54.0,19.0,535.0,64.0,843.0,63.46,0.0,1.0,4.0,1980,1990,11,NZ,9.907407407407407,0
19,19.0,1.0,532.0,82.0,945.0,56.29,0.0,3.0,3.0,1988,1998,11,BDESH,28.0,1
19,19.0,0.0,529.0,93.0,793.0,66.7,0.0,4.0,0.0,2003,2009,7,CAN,27.842105263157894,1
121,68.0,25.0,529.0,45.0,709.0,74.61,0.0,0.0,8.0,2006,2016,11,ENG,7.779411764705882,0
69,53.0,9.0,528.0,66.0,737.0,71.64,0.0,1.0,9.0,2006,2014,9,KENYA,9.962264150943396,0
114,52.0,15.0,526.0,53.0,703.0,74.82,0.0,1.0,8.0,2012,2019,8,INDIA,10.115384615384615,0
74,51.0,18.0,524.0,33.0,620.0,84.51,0.0,0.0,4.0,2003,2010,8,PAK,10.27450980392157,0
17,17.0,0.0,520.0,98.0,680.0,76.47,0.0,3.0,0.0,2008,2015,8,UAE,30.58823529411765,1
37,31.0,5.0,519.0,89.0,787.0,65.94,0.0,3.0,2.0,1994,1997,4,NZ,16.741935483870968,1
46,34.0,4.0,516.0,71.0,671.0,76.9,0.0,2.0,4.0,2007,2014,8,NL,15.176470588235293,1
27,24.0,1.0,516.0,66.0,525.0,98.28,0.0,3.0,1.0,2015,2019,5,SL,21.5,1
37,34.0,7.0,514.0,45.0,851.0,60.39,0.0,0.0,4.0,2005,2010,6,ZIM,15.117647058823529,1
37,30.0,5.0,513.0,84.0,799.0,64.2,0.0,2.0,1.0,1991,1994,4,INDIA,17.1,1
82,56.0,27.0,513.0,47.0,664.0,77.25,0.0,0.0,7.0,2011,2019,9,AFG,9.160714285714286,1
28,24.0,6.0,513.0,59.0,732.0,70.08,0.0,2.0,1.0,1971,1981,11,AUS,21.375,1
53,43.0,12.0,512.0,43.0,717.0,71.4,0.0,0.0,6.0,1983,1990,8,NZ,11.906976744186046,1
53,43.0,7.0,512.0,63.0,827.0,61.91,0.0,2.0,5.0,1997,2001,5,ZIM,11.906976744186046,0
25,24.0,3.0,510.0,78.0,1120.0,45.53,0.0,3.0,6.0,1977,1980,4,ENG,21.25,1
65,38.0,14.0,508.0,56.0,648.0,78.39,0.0,1.0,3.0,2009,2017,9,SA,13.368421052631579,1
60,46.0,7.0,506.0,67.0,977.0,51.79,0.0,1.0,1.0,1996,2008,13,KENYA,11.0,0
21,19.0,1.0,504.0,80.0,610.0,82.62,0.0,4.0,0.0,2006,2013,8,SA,26.526315789473685,1
22,22.0,1.0,504.0,81.0,895.0,56.31,0.0,3.0,0.0,2001,2011,11,PAK,22.90909090909091,1
92,57.0,21.0,503.0,58.0,709.0,70.94,0.0,1.0,5.0,1992,1999,8,AUS,8.824561403508772,0
54,40.0,14.0,502.0,44.0,513.0,97.85,0.0,0.0,2.0,2016,2019,4,WI,12.55,1
61,45.0,10.0,501.0,34.0,664.0,75.45,0.0,0.0,3.0,1980,1993,14,ENG,11.133333333333333,0
23,23.0,0.0,500.0,90.0,800.0,62.5,0.0,4.0,2.0,2017,2019,3,UAE,21.73913043478261,1
79,48.0,12.0,500.0,34.0,553.0,90.41,0.0,0.0,3.0,2000,2013,14,ENG,10.416666666666666,0
31,28.0,6.0,497.0,64.0,742.0,66.98,0.0,2.0,2.0,2010,2019,10,SCOT,17.75,1
26,26.0,1.0,496.0,52.0,726.0,68.31,0.0,1.0,1.0,2006,2009,4,BMUDA,19.076923076923077,1
29,25.0,6.0,493.0,169.0,726.0,67.9,1.0,0.0,2.0,1992,2000,9,SA,19.72,1
24,21.0,2.0,493.0,63.0,659.0,74.81,0.0,4.0,1.0,2014,2019,6,BDESH,23.476190476190474,1
29,27.0,2.0,488.0,47.0,771.0,63.29,0.0,0.0,3.0,1995,2002,8,BDESH,18.074074074074073,1
27,26.0,1.0,487.0,67.0,672.0,72.47,0.0,2.0,2.0,2006,2007,2,ENG,18.73076923076923,1
76,49.0,13.0,486.0,44.0,586.0,82.93,0.0,0.0,4.0,1991,2007,17,WI,9.918367346938776,0
54,41.0,15.0,485.0,71.0,680.0,71.32,0.0,1.0,3.0,2009,2014,6,SA,11.829268292682928,1
20,19.0,4.0,484.0,68.0,642.0,75.38,0.0,2.0,2.0,1987,1989,3,AUS,25.473684210526315,1
47,35.0,11.0,482.0,49.0,719.0,67.03,0.0,0.0,2.0,2003,2012,10,WI,13.771428571428572,1
24,24.0,0.0,482.0,58.0,595.0,81.0,0.0,1.0,2.0,2006,2009,4,CAN,20.083333333333332,1
36,22.0,7.0,482.0,70.0,517.0,93.23,0.0,1.0,1.0,2008,2013,6,ENG,21.90909090909091,1
28,24.0,1.0,482.0,58.0,527.0,91.46,0.0,4.0,1.0,2012,2019,8,SCOT,20.083333333333332,1
19,19.0,0.0,481.0,104.0,411.0,117.03,1.0,0.0,3.0,2006,2009,4,NL,25.31578947368421,1
34,32.0,4.0,480.0,97.0,774.0,62.01,0.0,1.0,1.0,2006,2013,8,NL,15.0,1
20,20.0,2.0,478.0,68.0,791.0,60.42,0.0,3.0,1.0,2006,2007,2,BMUDA,23.9,1
15,15.0,0.0,478.0,84.0,689.0,69.37,0.0,5.0,2.0,2002,2005,4,ZIM,31.866666666666667,1
45,35.0,8.0,477.0,47.0,500.0,95.4,0.0,0.0,3.0,1995,2001,7,AUS,13.628571428571428,1
12,10.0,0.0,476.0,88.0,454.0,104.84,0.0,6.0,0.0,2017,2019,3,INDIA,47.6,1
24,22.0,2.0,475.0,114.0,587.0,80.91,2.0,0.0,3.0,2009,2016,8,AFG,21.59090909090909,1
34,28.0,6.0,474.0,59.0,437.0,108.46,0.0,3.0,1.0,2014,2019,6,SCOT,16.928571428571427,1
24,23.0,4.0,473.0,100.0,690.0,68.55,1.0,2.0,2.0,1986,1992,7,WI,20.565217391304348,1
67,36.0,13.0,471.0,64.0,600.0,78.5,0.0,1.0,5.0,1997,2004,8,AUS,13.083333333333334,1
25,25.0,0.0,471.0,109.0,626.0,75.23,1.0,1.0,4.0,2014,2019,6,PNG,18.84,1
23,23.0,1.0,468.0,62.0,584.0,80.13,0.0,2.0,3.0,2009,2013,5,CAN,20.347826086956523,1
22,19.0,1.0,468.0,68.0,404.0,115.84,0.0,3.0,1.0,2016,2019,4,SL,24.63157894736842,1
42,27.0,4.0,467.0,62.0,465.0,100.43,0.0,1.0,0.0,2013,2019,7,SA,17.296296296296298,1
57,41.0,9.0,466.0,36.0,595.0,78.31,0.0,0.0,6.0,1982,1987,6,SL,11.365853658536585,0
20,19.0,4.0,457.0,65.0,645.0,70.85,0.0,1.0,0.0,1982,1986,5,INDIA,24.05263157894737,1
130,65.0,18.0,457.0,39.0,642.0,71.18,0.0,0.0,10.0,2003,2016,14,PAK,7.030769230769231,0
65,35.0,16.0,456.0,101.0,504.0,90.47,1.0,0.0,3.0,1983,1994,12,INDIA,13.028571428571428,1
22,22.0,0.0,455.0,77.0,745.0,61.07,0.0,1.0,1.0,2006,2010,5,CAN,20.681818181818183,1
19,19.0,0.0,455.0,72.0,677.0,67.2,0.0,6.0,3.0,2008,2014,7,CAN,23.94736842105263,1
18,18.0,1.0,455.0,102.0,591.0,76.98,1.0,2.0,1.0,2018,2019,2,SA,25.27777777777778,1
18,18.0,2.0,454.0,76.0,585.0,77.6,0.0,3.0,1.0,2014,2018,5,PNG,25.22222222222222,1
27,26.0,2.0,453.0,68.0,909.0,49.83,0.0,2.0,3.0,1986,1999,14,BDESH,17.423076923076923,1
18,18.0,0.0,449.0,101.0,763.0,58.84,1.0,2.0,2.0,1998,2003,6,BDESH,24.944444444444443,1
15,15.0,0.0,447.0,104.0,464.0,96.33,1.0,2.0,2.0,2016,2019,4,SL,29.8,1
38,38.0,11.0,442.0,49.0,662.0,66.76,0.0,0.0,6.0,1986,1994,9,NZ,11.631578947368421,1
20,20.0,0.0,441.0,85.0,838.0,52.62,0.0,3.0,1.0,1984,1985,2,SL,22.05,1
23,18.0,6.0,440.0,104.0,479.0,91.85,1.0,2.0,2.0,2015,2018,4,INDIA,24.444444444444443,1
25,23.0,1.0,439.0,75.0,830.0,52.89,0.0,2.0,1.0,1974,1982,9,INDIA,19.08695652173913,1
25,18.0,2.0,438.0,94.0,575.0,76.17,0.0,2.0,2.0,2017,2019,3,WI,24.333333333333332,1
26,20.0,3.0,438.0,95.0,673.0,65.08,0.0,1.0,1.0,1998,2003,6,AUS,21.9,1
28,28.0,2.0,437.0,60.0,860.0,50.81,0.0,1.0,4.0,1983,1996,14,ZIM,15.607142857142858,1
83,47.0,25.0,437.0,54.0,583.0,74.95,0.0,1.0,4.0,1987,1992,6,AUS,9.297872340425531,1
20,19.0,0.0,434.0,122.0,685.0,63.35,1.0,1.0,2.0,1996,1999,4,KENYA,22.842105263157894,1
138,78.0,17.0,432.0,37.0,492.0,87.8,0.0,0.0,15.0,1985,1996,12,AUS,5.538461538461538,0
27,26.0,4.0,432.0,59.0,640.0,67.5,0.0,2.0,3.0,2006,2009,4,SCOT,16.615384615384617,1
24,21.0,2.0,430.0,56.0,408.0,105.39,0.0,2.0,4.0,2009,2018,10,AFG,20.476190476190474,1
44,30.0,12.0,425.0,49.0,616.0,68.99,0.0,0.0,1.0,1982,1993,12,ENG,14.166666666666666,1
17,17.0,1.0,425.0,82.0,617.0,68.88,0.0,4.0,2.0,2003,2015,13,SA,25.0,1
31,27.0,6.0,424.0,59.0,469.0,90.4,0.0,3.0,2.0,1988,1993,6,INDIA,15.703703703703704,1
40,31.0,7.0,423.0,50.0,638.0,66.3,0.0,1.0,0.0,1987,1998,12,ENG,13.64516129032258,1
24,22.0,4.0,421.0,70.0,725.0,58.06,0.0,2.0,2.0,2010,2014,5,CAN,19.136363636363637,1
40,37.0,3.0,421.0,95.0,445.0,94.6,0.0,2.0,7.0,2011,2019,9,SL,11.378378378378379,0
23,20.0,2.0,420.0,74.0,522.0,80.45,0.0,2.0,0.0,2013,2015,3,SL,21.0,1
42,34.0,10.0,419.0,45.0,417.0,100.47,0.0,0.0,1.0,2001,2007,7,NZ,12.323529411764707,1
20,20.0,0.0,419.0,74.0,751.0,55.79,0.0,2.0,2.0,2008,2011,4,KENYA,20.95,1
46,32.0,8.0,415.0,46.0,590.0,70.33,0.0,0.0,3.0,1995,2005,11,WI,12.96875,1
34,31.0,6.0,412.0,50.0,636.0,64.77,0.0,1.0,2.0,2006,2011,6,BDESH,13.290322580645162,1
15,15.0,0.0,411.0,118.0,520.0,79.03,1.0,2.0,2.0,2014,2017,4,AFG,27.4,1
70,54.0,20.0,408.0,59.0,698.0,58.45,0.0,1.0,3.0,1996,2008,13,ZIM,7.555555555555555,0
12,12.0,0.0,407.0,119.0,540.0,75.37,1.0,2.0,1.0,1990,2004,15,WI,33.916666666666664,1
102,59.0,17.0,406.0,46.0,701.0,57.91,0.0,0.0,10.0,2002,2012,11,ZIM,6.88135593220339,0
84,44.0,19.0,405.0,33.0,776.0,52.19,0.0,0.0,3.0,1988,1997,10,WI,9.204545454545455,0
59,41.0,10.0,404.0,55.0,448.0,90.17,0.0,2.0,3.0,1987,1999,13,ZIM,9.853658536585366,0
34,29.0,2.0,403.0,82.0,465.0,86.66,0.0,1.0,6.0,2002,2006,5,ENG,13.89655172413793,0
17,15.0,2.0,403.0,79.0,502.0,80.27,0.0,4.0,2.0,2009,2011,3,ZIM,26.866666666666667,1
15,15.0,1.0,401.0,116.0,594.0,67.5,2.0,0.0,2.0,2006,2007,2,IRE,26.733333333333334,1
31,27.0,8.0,401.0,59.0,512.0,78.32,0.0,2.0,2.0,1983,1988,6,SL,14.851851851851851,1
67,35.0,14.0,401.0,53.0,645.0,62.17,0.0,1.0,1.0,1974,1987,14,INDIA,11.457142857142857,1
29,25.0,1.0,400.0,58.0,628.0,63.69,0.0,2.0,4.0,1996,2007,12,NL,16.0,1
17,17.0,2.0,400.0,74.0,530.0,75.47,0.0,2.0,2.0,2004,2004,1,SL,23.529411764705884,1
144,76.0,34.0,399.0,34.0,698.0,57.16,0.0,0.0,10.0,1989,2003,15,PAK,5.25,0
62,40.0,11.0,399.0,59.0,458.0,87.11,0.0,1.0,3.0,2007,2014,8,PAK,9.975,0
21,21.0,2.0,397.0,48.0,595.0,66.72,0.0,0.0,0.0,2003,2007,5,CAN,18.904761904761905,1
39,34.0,10.0,397.0,45.0,323.0,122.91,0.0,0.0,2.0,2014,2019,6,UAE,11.676470588235293,1
9,9.0,0.0,396.0,112.0,522.0,75.86,2.0,1.0,0.0,2011,2014,4,KENYA,44.0,1
14,14.0,1.0,394.0,113.0,612.0,64.37,1.0,1.0,2.0,2010,2012,3,WI,28.142857142857142,1
163,84.0,40.0,394.0,43.0,538.0,73.23,0.0,0.0,11.0,1998,2011,14,PAK,4.690476190476191,0
38,27.0,6.0,392.0,54.0,424.0,92.45,0.0,1.0,4.0,2008,2010,3,SL,14.518518518518519,1
79,62.0,19.0,391.0,36.0,621.0,62.96,0.0,0.0,9.0,1999,2011,13,KENYA,6.306451612903226,0
46,38.0,11.0,387.0,52.0,543.0,71.27,0.0,1.0,3.0,2009,2016,8,AFG,10.18421052631579,0
62,35.0,13.0,385.0,41.0,551.0,69.87,0.0,0.0,2.0,1997,2005,9,ENG,11.0,1
20,20.0,0.0,383.0,61.0,713.0,53.71,0.0,3.0,2.0,2002,2004,3,BDESH,19.15,1
19,19.0,1.0,383.0,74.0,755.0,50.72,0.0,2.0,0.0,1973,1980,8,PAK,20.157894736842106,1
38,24.0,4.0,381.0,51.0,498.0,76.5,0.0,1.0,0.0,2017,2019,3,BDESH,15.875,1
23,22.0,2.0,379.0,79.0,798.0,47.49,0.0,2.0,0.0,1992,1996,5,ZIM,17.227272727272727,1
17,17.0,2.0,379.0,97.0,699.0,54.22,0.0,1.0,0.0,1981,1987,7,AUS,22.294117647058822,1
21,21.0,1.0,378.0,59.0,602.0,62.79,0.0,1.0,4.0,2016,2019,4,PNG,18.0,1
36,30.0,8.0,378.0,46.0,513.0,73.68,0.0,0.0,2.0,2006,2010,5,CAN,12.6,1
79,52.0,18.0,378.0,33.0,500.0,75.6,0.0,0.0,9.0,1980,1989,10,AUS,7.269230769230769,0
18,18.0,4.0,376.0,51.0,544.0,69.11,0.0,1.0,0.0,1991,2001,11,ENG,20.88888888888889,1
29,29.0,1.0,374.0,62.0,709.0,52.75,0.0,2.0,6.0,1999,2003,5,BDESH,12.89655172413793,0
53,40.0,14.0,374.0,33.0,459.0,81.48,0.0,0.0,6.0,1990,1998,9,ENG,9.35,0
49,31.0,13.0,373.0,48.0,616.0,60.55,0.0,0.0,2.0,1976,1986,11,INDIA,12.03225806451613,1
41,29.0,10.0,371.0,37.0,691.0,53.69,0.0,0.0,0.0,1975,1985,11,SL,12.793103448275861,1
18,17.0,2.0,370.0,54.0,615.0,60.16,0.0,2.0,2.0,2006,2009,4,WI,21.764705882352942,1
15,14.0,0.0,368.0,104.0,561.0,65.59,1.0,3.0,2.0,2012,2012,1,AUS,26.285714285714285,1
125,51.0,12.0,365.0,60.0,562.0,64.94,0.0,1.0,8.0,2005,2019,15,SA,7.1568627450980395,0
18,18.0,1.0,363.0,74.0,679.0,53.46,0.0,1.0,0.0,1978,1982,5,AUS,20.166666666666668,1
61,30.0,10.0,363.0,73.0,444.0,81.75,0.0,2.0,5.0,2009,2019,11,PAK,12.1,1
65,45.0,12.0,363.0,36.0,441.0,82.31,0.0,0.0,8.0,2011,2016,6,WI,8.066666666666666,0
34,27.0,4.0,362.0,55.0,560.0,64.64,0.0,1.0,2.0,1997,2000,4,INDIA,13.407407407407407,0
92,40.0,11.0,362.0,86.0,472.0,76.69,0.0,1.0,3.0,2003,2015,13,WI,9.05,0
20,19.0,0.0,362.0,95.0,682.0,53.07,0.0,2.0,4.0,1997,2004,8,BDESH,19.05263157894737,1
9,8.0,2.0,361.0,148.0,354.0,101.97,1.0,1.0,0.0,2017,2019,3,WI,45.125,1
18,14.0,1.0,361.0,52.0,280.0,128.92,0.0,3.0,0.0,2018,2019,2,PAK,25.785714285714285,1
16,15.0,1.0,361.0,63.0,486.0,74.27,0.0,1.0,0.0,2012,2017,6,NZ,24.066666666666666,1
16,16.0,0.0,361.0,67.0,409.0,88.26,0.0,2.0,1.0,2018,2019,2,AFG,22.5625,1
39,28.0,10.0,361.0,50.0,419.0,86.15,0.0,1.0,5.0,2006,2009,4,IRE,12.892857142857142,1
31,30.0,5.0,360.0,53.0,549.0,65.57,0.0,1.0,7.0,1996,2003,8,ENG,12.0,0
28,25.0,3.0,360.0,49.0,690.0,52.17,0.0,0.0,4.0,2000,2004,5,BDESH,14.4,1
31,25.0,3.0,360.0,44.0,736.0,48.91,0.0,0.0,4.0,2001,2006,6,KENYA,14.4,1
16,16.0,0.0,354.0,118.0,427.0,82.9,1.0,1.0,2.0,1996,2001,6,ENG,22.125,1
25,25.0,0.0,354.0,54.0,549.0,64.48,0.0,2.0,3.0,2008,2016,9,WI,14.16,0
16,14.0,1.0,352.0,53.0,537.0,65.54,0.0,3.0,1.0,2014,2018,5,AFG,25.142857142857142,1
15,15.0,0.0,349.0,84.0,713.0,48.94,0.0,1.0,1.0,1999,2000,2,PAK,23.266666666666666,1
9,9.0,0.0,348.0,95.0,521.0,66.79,0.0,3.0,1.0,2019,2019,1,USA,38.666666666666664,1
85,46.0,18.0,348.0,52.0,389.0,89.46,0.0,1.0,7.0,2010,2019,10,AUS,7.565217391304348,0
19,18.0,3.0,348.0,98.0,584.0,59.58,0.0,2.0,0.0,1990,1994,5,PAK,19.333333333333332,1
15,13.0,0.0,346.0,71.0,328.0,105.48,0.0,1.0,1.0,2018,2019,2,INDIA,26.615384615384617,1
50,36.0,12.0,345.0,32.0,519.0,66.47,0.0,0.0,4.0,1996,2001,6,ENG,9.583333333333334,0
16,16.0,0.0,344.0,92.0,387.0,88.88,0.0,2.0,1.0,2018,2019,2,UAE,21.5,1
134,64.0,24.0,344.0,32.0,543.0,63.35,0.0,0.0,12.0,1990,2002,13,SL,5.375,0
95,47.0,21.0,343.0,47.0,358.0,95.81,0.0,0.0,5.0,1997,2007,11,SL,7.297872340425532,0
34,27.0,8.0,339.0,57.0,512.0,66.21,0.0,1.0,2.0,1997,2000,4,INDIA,12.555555555555555,1
17,16.0,0.0,339.0,72.0,506.0,66.99,0.0,1.0,0.0,2010,2015,6,INDIA,21.1875,1
11,9.0,3.0,338.0,101.0,472.0,71.61,1.0,2.0,0.0,1973,1978,6,NZ,37.55555555555556,1
32,25.0,7.0,338.0,51.0,401.0,84.28,0.0,1.0,4.0,1973,1981,9,ENG,13.52,1
43,22.0,9.0,337.0,54.0,491.0,68.63,0.0,3.0,2.0,2017,2019,3,PAK,15.318181818181818,1
26,20.0,0.0,336.0,47.0,515.0,65.24,0.0,0.0,1.0,1973,1981,9,NZ,16.8,1
58,32.0,17.0,336.0,53.0,349.0,96.27,0.0,1.0,0.0,2002,2011,10,AUS,10.5,1
23,23.0,0.0,336.0,56.0,612.0,54.9,0.0,1.0,4.0,2006,2009,4,BMUDA,14.608695652173912,0
56,41.0,13.0,336.0,35.0,576.0,58.33,0.0,0.0,4.0,2002,2007,6,BDESH,8.195121951219512,0
18,14.0,1.0,332.0,56.0,383.0,86.68,0.0,1.0,0.0,2015,2017,3,SL,23.714285714285715,1
16,16.0,2.0,331.0,123.0,494.0,67.0,1.0,0.0,3.0,2011,2014,4,WI,20.6875,1
25,21.0,5.0,331.0,63.0,668.0,49.55,0.0,1.0,1.0,2003,2006,4,BDESH,15.761904761904763,1
20,18.0,4.0,331.0,57.0,650.0,50.92,0.0,1.0,2.0,2006,2007,2,BMUDA,18.38888888888889,1
18,16.0,4.0,330.0,57.0,409.0,80.68,0.0,1.0,0.0,2017,2018,2,UAE,20.625,1
10,8.0,2.0,330.0,62.0,466.0,70.81,0.0,5.0,0.0,1973,1979,7,PAK,41.25,1
23,22.0,3.0,328.0,49.0,656.0,50.0,0.0,0.0,1.0,2008,2011,4,CAN,14.909090909090908,1
23,19.0,2.0,327.0,50.0,479.0,68.26,0.0,1.0,0.0,1987,1990,4,ENG,17.210526315789473,1
28,24.0,8.0,326.0,60.0,472.0,69.06,0.0,2.0,1.0,2006,2011,6,ENG,13.583333333333334,1
50,35.0,5.0,324.0,47.0,526.0,61.59,0.0,0.0,5.0,1998,2006,9,ZIM,9.257142857142858,0
113,70.0,24.0,324.0,33.0,535.0,60.56,0.0,0.0,11.0,2008,2015,8,PAK,4.628571428571429,0
42,28.0,8.0,322.0,63.0,330.0,97.57,0.0,2.0,1.0,1991,1996,6,SA,11.5,0
9,9.0,2.0,322.0,134.0,428.0,75.23,1.0,1.0,1.0,1996,2003,8,NL,35.77777777777778,1
22,16.0,5.0,321.0,43.0,367.0,87.46,0.0,0.0,0.0,2013,2016,4,PAK,20.0625,1
205,79.0,33.0,321.0,30.0,451.0,71.17,0.0,0.0,11.0,1985,2000,16,WI,4.063291139240507,0
14,14.0,0.0,320.0,95.0,623.0,51.36,0.0,2.0,2.0,1975,1982,8,AUS,22.857142857142858,1
25,24.0,6.0,319.0,50.0,481.0,66.32,0.0,1.0,3.0,1997,2007,11,SCOT,13.291666666666666,1
18,18.0,0.0,317.0,72.0,378.0,83.86,0.0,3.0,2.0,2006,2006,1,ZIM,17.61111111111111,1
18,16.0,2.0,314.0,100.0,519.0,60.5,1.0,0.0,3.0,2000,2006,7,PAK,19.625,1
45,34.0,8.0,314.0,50.0,383.0,81.98,0.0,1.0,7.0,1996,2003,8,WI,9.235294117647058,0
87,46.0,19.0,314.0,46.0,490.0,64.08,0.0,0.0,5.0,2001,2015,15,PAK,6.826086956521739,0
13,12.0,2.0,314.0,78.0,647.0,48.53,0.0,2.0,1.0,1972,1982,11,ENG,26.166666666666668,1
13,13.0,1.0,313.0,65.0,460.0,68.04,0.0,3.0,1.0,2014,2018,5,PNG,24.076923076923077,1
12,12.0,0.0,311.0,105.0,440.0,70.68,1.0,1.0,0.0,1973,1977,5,WI,25.916666666666668,1
16,16.0,1.0,311.0,68.0,623.0,49.91,0.0,2.0,1.0,1992,1994,3,NZ,19.4375,1
14,14.0,0.0,310.0,67.0,545.0,56.88,0.0,2.0,3.0,2018,2019,2,UAE,22.142857142857142,1
39,26.0,6.0,310.0,61.0,498.0,62.24,0.0,1.0,1.0,1998,2000,3,INDIA,11.923076923076923,0
20,17.0,2.0,309.0,63.0,381.0,81.1,0.0,2.0,3.0,1997,2002,6,ENG,18.176470588235293,1
16,16.0,0.0,309.0,58.0,568.0,54.4,0.0,2.0,1.0,2003,2005,3,BDESH,19.3125,1
92,57.0,34.0,308.0,34.0,576.0,53.47,0.0,0.0,8.0,2008,2019,12,WI,5.4035087719298245,0
16,16.0,2.0,307.0,57.0,440.0,69.77,0.0,3.0,2.0,2017,2018,2,AFG,19.1875,1
23,20.0,3.0,305.0,69.0,463.0,65.87,0.0,1.0,3.0,1998,2002,5,SA,15.25,1
15,15.0,1.0,304.0,60.0,382.0,79.58,0.0,1.0,1.0,2016,2018,3,ZIM,20.266666666666666,1
14,12.0,0.0,301.0,88.0,305.0,98.68,0.0,2.0,2.0,2006,2010,5,SA,25.083333333333332,1
36,24.0,7.0,300.0,30.0,410.0,73.17,0.0,0.0,4.0,2000,2006,7,ENG,12.5,1
85,52.0,12.0,298.0,31.0,406.0,73.39,0.0,0.0,10.0,1986,1995,10,WI,5.730769230769231,0
16,15.0,1.0,297.0,79.0,443.0,67.04,0.0,2.0,1.0,2013,2015,3,ENG,19.8,1
19,18.0,4.0,297.0,49.0,347.0,85.59,0.0,0.0,2.0,2007,2007,1,ENG,16.5,1
14,14.0,1.0,297.0,86.0,507.0,58.57,0.0,3.0,3.0,1996,1997,2,PAK,21.214285714285715,1
15,15.0,1.0,296.0,61.0,430.0,68.83,0.0,2.0,1.0,2014,2019,6,PNG,19.733333333333334,1
32,23.0,3.0,296.0,54.0,412.0,71.84,0.0,1.0,3.0,1994,2000,7,SA,12.869565217391305,0
20,19.0,2.0,295.0,61.0,560.0,52.67,0.0,2.0,2.0,1983,1992,10,ZIM,15.526315789473685,1
94,52.0,21.0,295.0,36.0,372.0,79.3,0.0,0.0,7.0,2000,2010,11,NZ,5.673076923076923,0
26,17.0,5.0,294.0,61.0,468.0,62.82,0.0,2.0,0.0,1973,1980,8,WI,17.294117647058822,1
13,13.0,1.0,294.0,56.0,339.0,86.72,0.0,2.0,2.0,2011,2018,8,NL,22.615384615384617,1
13,11.0,0.0,293.0,67.0,447.0,65.54,0.0,2.0,0.0,2009,2019,11,ENG,26.636363636363637,1
82,40.0,22.0,292.0,31.0,384.0,76.04,0.0,0.0,2.0,2002,2010,9,NZ,7.3,0
68,33.0,12.0,292.0,54.0,331.0,88.21,0.0,1.0,2.0,2007,2012,6,INDIA,8.848484848484848,0
44,33.0,16.0,292.0,34.0,394.0,74.11,0.0,0.0,3.0,2011,2019,9,SCOT,8.848484848484848,1
20,19.0,3.0,292.0,73.0,255.0,114.5,0.0,1.0,3.0,2014,2018,5,HKG,15.368421052631579,1
28,21.0,5.0,291.0,49.0,367.0,79.29,0.0,0.0,1.0,1997,2009,13,WI,13.857142857142858,1
29,21.0,9.0,291.0,35.0,389.0,74.8,0.0,0.0,0.0,1991,1996,6,ENG,13.857142857142858,1
36,23.0,9.0,290.0,33.0,400.0,72.5,0.0,0.0,2.0,1986,1992,7,INDIA,12.608695652173912,1
27,27.0,2.0,290.0,52.0,597.0,48.57,0.0,1.0,2.0,1998,2003,6,BDESH,10.74074074074074,0
49,33.0,11.0,290.0,42.0,311.0,93.24,0.0,0.0,6.0,2012,2015,4,SL,8.787878787878787,0
97,39.0,16.0,289.0,44.0,368.0,78.53,0.0,0.0,8.0,1996,2005,10,AUS,7.410256410256411,0
62,34.0,11.0,287.0,37.0,480.0,59.79,0.0,0.0,6.0,2004,2007,4,WI,8.441176470588236,0
11,11.0,0.0,287.0,73.0,430.0,66.74,0.0,2.0,1.0,1983,1987,5,ZIM,26.09090909090909,1
12,12.0,0.0,287.0,68.0,388.0,73.96,0.0,4.0,1.0,1998,1998,1,NZ,23.916666666666668,1
12,12.0,1.0,287.0,104.0,403.0,71.21,1.0,1.0,0.0,2008,2015,8,INDIA,23.916666666666668,1
8,8.0,1.0,285.0,116.0,526.0,54.18,1.0,0.0,0.0,1973,1980,8,ENG,35.625,1
34,24.0,3.0,285.0,44.0,434.0,65.66,0.0,0.0,0.0,1980,1988,9,ENG,11.875,0
33,25.0,6.0,284.0,41.0,517.0,54.93,0.0,0.0,3.0,1999,2009,11,SCOT,11.36,0
50,27.0,13.0,284.0,51.0,359.0,79.1,0.0,1.0,4.0,2008,2018,11,WI,10.518518518518519,1
23,20.0,2.0,284.0,40.0,456.0,62.28,0.0,0.0,2.0,2002,2007,6,NL,14.2,0
36,27.0,5.0,283.0,50.0,411.0,68.85,0.0,1.0,2.0,2012,2019,8,SL,10.481481481481481,0
102,42.0,11.0,282.0,64.0,377.0,74.8,0.0,2.0,9.0,1976,1987,12,WI,6.714285714285714,0
8,8.0,0.0,281.0,87.0,401.0,70.07,0.0,3.0,0.0,2018,2019,2,SCOT,35.125,1
53,29.0,9.0,280.0,59.0,247.0,113.36,0.0,2.0,3.0,2016,2019,4,PAK,9.655172413793103,0
31,18.0,2.0,280.0,56.0,382.0,73.29,0.0,1.0,2.0,2009,2016,8,SL,15.555555555555555,1
18,14.0,2.0,280.0,86.0,267.0,104.86,0.0,1.0,2.0,1976,1980,5,WI,20.0,1
18,14.0,3.0,280.0,67.0,381.0,73.49,0.0,2.0,0.0,2000,2002,3,INDIA,20.0,1
46,27.0,12.0,279.0,50.0,339.0,82.3,0.0,1.0,1.0,2015,2019,5,ENG,10.333333333333334,1
10,10.0,0.0,278.0,78.0,483.0,57.55,0.0,1.0,0.0,2016,2017,2,WI,27.8,1
90,42.0,9.0,278.0,43.0,323.0,86.06,0.0,0.0,7.0,2003,2017,15,WI,6.619047619047619,0
18,16.0,6.0,278.0,73.0,512.0,54.29,0.0,2.0,1.0,1997,1999,3,KENYA,17.375,1
18,16.0,0.0,276.0,54.0,642.0,42.99,0.0,1.0,1.0,2006,2009,4,BDESH,17.25,1
194,79.0,43.0,273.0,28.0,561.0,48.66,0.0,0.0,10.0,2002,2015,14,ENG,3.4556962025316458,0
19,18.0,5.0,273.0,39.0,307.0,88.92,0.0,0.0,0.0,2012,2014,3,AUS,15.166666666666666,1
10,10.0,2.0,272.0,58.0,379.0,71.76,0.0,3.0,0.0,2015,2018,4,NZ,27.2,1
15,12.0,0.0,271.0,62.0,298.0,90.93,0.0,2.0,1.0,2015,2018,4,ENG,22.583333333333332,1
29,21.0,11.0,271.0,51.0,273.0,99.26,0.0,1.0,1.0,2010,2017,8,AUS,12.904761904761905,1
31,22.0,6.0,271.0,44.0,468.0,57.9,0.0,0.0,1.0,2014,2019,6,ZIM,12.318181818181818,1
16,16.0,1.0,271.0,59.0,392.0,69.13,0.0,1.0,0.0,2010,2018,9,PAK,16.9375,1
13,13.0,0.0,270.0,56.0,469.0,57.56,0.0,1.0,0.0,1997,2005,9,SA,20.76923076923077,1
14,13.0,1.0,270.0,53.0,371.0,72.77,0.0,1.0,2.0,2010,2013,4,BDESH,20.76923076923077,1
25,21.0,2.0,269.0,39.0,400.0,67.25,0.0,0.0,3.0,1980,1986,7,INDIA,12.80952380952381,0
15,14.0,1.0,269.0,78.0,509.0,52.84,0.0,1.0,2.0,1975,1987,13,INDIA,19.214285714285715,1
22,19.0,3.0,269.0,48.0,378.0,71.16,0.0,0.0,1.0,1972,1977,6,ENG,14.157894736842104,1
117,47.0,18.0,268.0,32.0,354.0,75.7,0.0,0.0,9.0,2007,2018,12,SA,5.702127659574468,0
163,51.0,26.0,267.0,45.0,456.0,58.55,0.0,0.0,7.0,1988,1998,11,PAK,5.235294117647059,0
10,10.0,0.0,266.0,96.0,350.0,76.0,0.0,2.0,2.0,2013,2014,2,BDESH,26.6,1
20,19.0,4.0,265.0,39.0,496.0,53.42,0.0,0.0,1.0,2016,2019,4,PNG,13.947368421052632,1
13,11.0,0.0,265.0,51.0,299.0,88.62,0.0,1.0,1.0,2015,2019,5,ENG,24.09090909090909,1
17,16.0,1.0,264.0,60.0,488.0,54.09,0.0,2.0,3.0,2014,2017,4,AFG,16.5,1
12,11.0,2.0,264.0,66.0,417.0,63.3,0.0,1.0,1.0,1973,1975,3,ENG,24.0,1
14,13.0,1.0,264.0,117.0,442.0,59.72,1.0,0.0,3.0,2006,2010,5,CAN,20.307692307692307,1
13,12.0,2.0,263.0,99.0,404.0,65.09,0.0,2.0,1.0,2014,2015,2,UAE,21.916666666666668,1
11,11.0,0.0,262.0,96.0,396.0,66.16,0.0,2.0,1.0,2013,2015,3,SCOT,23.818181818181817,1
20,12.0,3.0,262.0,51.0,322.0,81.36,0.0,2.0,1.0,2017,2019,3,BDESH,21.833333333333332,1
11,11.0,0.0,262.0,113.0,417.0,62.82,1.0,0.0,1.0,2001,2003,3,PAK,23.818181818181817,1
19,15.0,2.0,260.0,44.0,374.0,69.51,0.0,0.0,1.0,2014,2018,5,HKG,17.333333333333332,1
9,9.0,1.0,260.0,82.0,392.0,66.32,0.0,2.0,3.0,2019,2019,1,USA,28.88888888888889,1
42,25.0,9.0,259.0,79.0,356.0,72.75,0.0,1.0,1.0,2014,2019,6,IRE,10.36,0
75,28.0,12.0,259.0,31.0,333.0,77.77,0.0,0.0,2.0,2015,2019,5,SA,9.25,0
28,24.0,4.0,258.0,50.0,463.0,55.72,0.0,1.0,4.0,2014,2019,6,UAE,10.75,0
13,10.0,1.0,258.0,104.0,334.0,77.24,1.0,0.0,1.0,1973,1976,4,NZ,25.8,1
9,9.0,0.0,257.0,73.0,383.0,67.1,0.0,2.0,1.0,2008,2008,1,SL,28.555555555555557,1
23,17.0,6.0,256.0,94.0,421.0,60.8,0.0,1.0,1.0,2000,2001,2,INDIA,15.058823529411764,1
9,8.0,1.0,255.0,80.0,349.0,73.06,0.0,3.0,1.0,1972,1975,4,AUS,31.875,1
19,16.0,3.0,255.0,78.0,412.0,61.89,0.0,2.0,3.0,2008,2014,7,IRE,15.9375,1
23,20.0,3.0,254.0,35.0,289.0,87.88,0.0,0.0,2.0,2014,2019,6,PNG,12.7,0
13,11.0,0.0,253.0,70.0,526.0,48.09,0.0,2.0,0.0,1994,1996,3,SL,23.0,1
20,16.0,2.0,252.0,54.0,395.0,63.79,0.0,1.0,2.0,1983,1995,13,ZIM,15.75,1
32,21.0,6.0,252.0,92.0,262.0,96.18,0.0,1.0,2.0,2013,2019,7,AUS,12.0,1
11,11.0,2.0,252.0,72.0,403.0,62.53,0.0,1.0,1.0,2007,2008,2,BMUDA,22.90909090909091,1
18,15.0,3.0,252.0,55.0,472.0,53.38,0.0,1.0,0.0,1975,1983,9,NZ,16.8,1
63,38.0,17.0,252.0,34.0,489.0,51.53,0.0,0.0,3.0,2006,2014,9,KENYA,6.631578947368421,0
14,13.0,2.0,251.0,59.0,291.0,86.25,0.0,1.0,1.0,2018,2019,2,SA,19.307692307692307,1
9,9.0,0.0,250.0,59.0,398.0,62.81,0.0,1.0,0.0,2008,2017,10,HKG,27.77777777777778,1
10,10.0,0.0,250.0,161.0,313.0,79.87,1.0,1.0,2.0,2005,2008,4,NZ,25.0,1
4,4.0,1.0,250.0,117.0,367.0,68.11,1.0,1.0,0.0,1978,1978,1,ENG,62.5,1
54,38.0,18.0,249.0,36.0,395.0,63.03,0.0,0.0,6.0,1993,2003,11,ENG,6.552631578947368,0
44,36.0,7.0,249.0,33.0,350.0,71.14,0.0,0.0,6.0,1986,1992,7,SL,6.916666666666667,0
6,5.0,0.0,248.0,179.0,214.0,115.88,1.0,0.0,0.0,2019,2019,1,WI,49.6,1
24,20.0,0.0,248.0,66.0,403.0,61.53,0.0,1.0,1.0,1974,1981,8,NZ,12.4,0
9,9.0,0.0,248.0,64.0,448.0,55.35,0.0,2.0,0.0,1988,1991,4,NZ,27.555555555555557,1
8,8.0,0.0,248.0,96.0,481.0,51.55,0.0,1.0,0.0,1988,1989,2,NZ,31.0,1
64,52.0,22.0,247.0,16.0,526.0,46.95,0.0,0.0,9.0,1996,2006,11,KENYA,4.75,0
6,6.0,0.0,247.0,101.0,309.0,79.93,1.0,0.0,0.0,1975,1975,1,AUS,41.166666666666664,1
14,13.0,2.0,246.0,89.0,388.0,63.4,0.0,1.0,1.0,2017,2019,3,PNG,18.923076923076923,1
20,13.0,2.0,245.0,52.0,257.0,95.33,0.0,1.0,2.0,2007,2009,3,ENG,18.846153846153847,1
8,8.0,0.0,244.0,87.0,231.0,105.62,0.0,1.0,1.0,2009,2011,3,ENG,30.5,1
5,5.0,0.0,244.0,136.0,267.0,91.38,1.0,0.0,0.0,2019,2019,1,NAM,48.8,1
85,48.0,22.0,244.0,26.0,404.0,60.39,0.0,0.0,9.0,2009,2019,11,SL,5.083333333333333,0
17,17.0,1.0,244.0,70.0,383.0,63.7,0.0,2.0,3.0,2006,2008,3,CAN,14.352941176470589,0
18,15.0,3.0,243.0,53.0,357.0,68.06,0.0,1.0,1.0,2017,2019,3,ZIM,16.2,1
10,9.0,1.0,243.0,82.0,399.0,60.9,0.0,1.0,0.0,1974,1979,6,INDIA,27.0,1
28,20.0,5.0,242.0,44.0,358.0,67.59,0.0,0.0,2.0,1977,1988,12,ENG,12.1,0
16,13.0,0.0,242.0,77.0,480.0,50.41,0.0,1.0,1.0,1996,1999,4,PAK,18.615384615384617,1
9,9.0,0.0,241.0,89.0,281.0,85.76,0.0,2.0,0.0,1997,1997,1,AUS,26.77777777777778,1
30,20.0,7.0,240.0,35.0,262.0,91.6,0.0,0.0,2.0,2007,2013,7,SCOT,12.0,1
63,34.0,8.0,240.0,42.0,320.0,75.0,0.0,0.0,6.0,1972,1983,12,AUS,7.0588235294117645,0
20,18.0,3.0,240.0,37.0,351.0,68.37,0.0,0.0,2.0,2006,2009,4,SCOT,13.333333333333334,0
15,13.0,1.0,239.0,56.0,267.0,89.51,0.0,1.0,1.0,2008,2017,10,UAE,18.384615384615383,1
147,61.0,35.0,239.0,20.0,392.0,60.96,0.0,0.0,9.0,2001,2012,12,SL,3.918032786885246,0
98,41.0,15.0,239.0,37.0,360.0,66.38,0.0,0.0,5.0,1977,1987,11,WI,5.829268292682927,0
65,49.0,13.0,239.0,33.0,463.0,51.61,0.0,0.0,9.0,2004,2016,13,ZIM,4.877551020408164,0
13,12.0,2.0,238.0,60.0,491.0,48.47,0.0,3.0,0.0,1987,1993,7,ZIM,19.833333333333332,1
21,19.0,2.0,238.0,37.0,364.0,65.38,0.0,0.0,3.0,2009,2013,5,WI,12.526315789473685,0
21,21.0,0.0,237.0,67.0,377.0,62.86,0.0,1.0,7.0,2006,2009,4,SCOT,11.285714285714286,0
29,26.0,5.0,236.0,32.0,479.0,49.26,0.0,0.0,1.0,1990,2002,13,BDESH,9.076923076923077,0
25,17.0,1.0,236.0,45.0,311.0,75.88,0.0,0.0,3.0,2004,2010,7,NZ,13.882352941176471,0
22,19.0,3.0,236.0,46.0,303.0,77.88,0.0,0.0,2.0,2014,2016,3,ZIM,12.421052631578947,0
7,7.0,0.0,236.0,83.0,375.0,62.93,0.0,3.0,1.0,2008,2009,2,PAK,33.714285714285715,1
17,15.0,3.0,235.0,45.0,372.0,63.17,0.0,0.0,1.0,2006,2007,2,CAN,15.666666666666666,1
13,12.0,1.0,235.0,73.0,408.0,57.59,0.0,2.0,2.0,1994,1999,6,ENG,19.583333333333332,1
6,6.0,0.0,235.0,115.0,286.0,82.16,1.0,1.0,0.0,2018,2019,2,NEPAL,39.166666666666664,1
58,35.0,12.0,234.0,36.0,328.0,71.34,0.0,0.0,5.0,2011,2019,9,AUS,6.685714285714286,0
62,34.0,19.0,234.0,32.0,378.0,61.9,0.0,0.0,4.0,2004,2010,7,PAK,6.882352941176471,0
12,12.0,3.0,234.0,86.0,386.0,60.62,0.0,2.0,0.0,2019,2019,1,AFG,19.5,1
10,10.0,0.0,233.0,83.0,252.0,92.46,0.0,1.0,0.0,2007,2008,2,ENG,23.3,1
56,32.0,9.0,231.0,37.0,357.0,64.7,0.0,0.0,3.0,1975,1983,9,WI,7.21875,0
14,11.0,3.0,230.0,77.0,246.0,93.49,0.0,1.0,1.0,2014,2015,2,INDIA,20.90909090909091,1
20,13.0,0.0,229.0,110.0,365.0,62.73,1.0,0.0,2.0,1980,1983,4,AUS,17.615384615384617,1
19,17.0,5.0,229.0,41.0,386.0,59.32,0.0,0.0,2.0,1984,1990,7,SL,13.470588235294118,1
11,11.0,2.0,228.0,100.0,348.0,65.51,1.0,1.0,2.0,2009,2010,2,WI,20.727272727272727,1
20,17.0,2.0,228.0,35.0,360.0,63.33,0.0,0.0,3.0,2008,2012,5,NZ,13.411764705882353,0
34,24.0,6.0,228.0,53.0,375.0,60.8,0.0,1.0,5.0,1996,2003,8,KENYA,9.5,0
20,15.0,1.0,228.0,39.0,251.0,90.83,0.0,0.0,0.0,2013,2017,5,IRE,15.2,0
108,51.0,20.0,227.0,21.0,411.0,55.23,0.0,0.0,9.0,1997,2005,9,WI,4.450980392156863,0
8,8.0,0.0,226.0,72.0,476.0,47.47,0.0,1.0,0.0,1979,1985,7,AUS,28.25,1
6,5.0,0.0,225.0,88.0,262.0,85.87,0.0,3.0,1.0,2013,2014,2,CAN,45.0,1
25,17.0,0.0,224.0,35.0,250.0,89.6,0.0,0.0,4.0,1993,1999,7,AUS,13.176470588235293,0
6,6.0,0.0,224.0,61.0,387.0,57.88,0.0,3.0,0.0,1971,1974,4,AUS,37.333333333333336,1
7,6.0,0.0,223.0,90.0,325.0,68.61,0.0,2.0,0.0,1971,1975,5,ENG,37.166666666666664,1
12,8.0,1.0,223.0,46.0,246.0,90.65,0.0,0.0,0.0,2019,2019,1,INDIA,27.875,1
49,33.0,10.0,222.0,37.0,337.0,65.87,0.0,0.0,4.0,2009,2019,11,ZIM,6.7272727272727275,0
5,5.0,0.0,221.0,63.0,282.0,78.36,0.0,2.0,0.0,2019,2019,1,OMAN,44.2,1
161,63.0,31.0,221.0,19.0,367.0,60.21,0.0,0.0,8.0,1994,2001,8,INDIA,3.507936507936508,0
45,31.0,8.0,221.0,34.0,345.0,64.05,0.0,0.0,5.0,1973,1984,12,PAK,7.129032258064516,0
51,26.0,13.0,221.0,34.0,431.0,51.27,0.0,0.0,0.0,1973,1984,12,PAK,8.5,1
32,22.0,7.0,220.0,33.0,339.0,64.89,0.0,0.0,3.0,2008,2014,7,CAN,10.0,0
14,11.0,2.0,218.0,46.0,341.0,63.92,0.0,0.0,1.0,2006,2010,5,SCOT,19.818181818181817,1
16,11.0,2.0,218.0,61.0,363.0,60.05,0.0,1.0,2.0,2005,2006,2,INDIA,19.818181818181817,1
16,15.0,1.0,217.0,38.0,397.0,54.65,0.0,0.0,1.0,2010,2014,5,CAN,14.466666666666667,0
27,23.0,5.0,217.0,30.0,265.0,81.88,0.0,0.0,2.0,1997,2000,4,WI,9.434782608695652,0
23,18.0,4.0,217.0,24.0,295.0,73.55,0.0,0.0,1.0,1994,1995,2,SA,12.055555555555555,0
19,15.0,2.0,216.0,51.0,267.0,80.89,0.0,1.0,2.0,2000,2001,2,INDIA,14.4,1
31,24.0,5.0,215.0,26.0,307.0,70.03,0.0,0.0,1.0,1979,1983,5,NZ,8.958333333333334,0
21,16.0,8.0,212.0,52.0,340.0,62.35,0.0,1.0,2.0,1999,2000,2,WI,13.25,1
16,14.0,0.0,211.0,70.0,344.0,61.33,0.0,1.0,2.0,2013,2015,3,SCOT,15.071428571428571,0
52,21.0,7.0,211.0,48.0,211.0,100.0,0.0,0.0,3.0,2014,2019,6,NZ,10.047619047619047,0
21,18.0,3.0,210.0,69.0,262.0,80.15,0.0,1.0,2.0,2003,2007,5,SL,11.666666666666666,0
62,35.0,14.0,210.0,26.0,374.0,56.14,0.0,0.0,7.0,1986,1995,10,SL,6.0,0
40,23.0,9.0,210.0,61.0,242.0,86.77,0.0,1.0,4.0,1980,1985,6,PAK,9.130434782608695,0
10,9.0,3.0,209.0,55.0,353.0,59.2,0.0,1.0,0.0,1973,1978,6,PAK,23.22222222222222,1
6,6.0,2.0,207.0,92.0,342.0,60.52,0.0,2.0,0.0,2004,2005,2,NZ,34.5,1
21,20.0,6.0,206.0,23.0,390.0,52.82,0.0,0.0,1.0,1979,1984,6,ENG,10.3,0
10,10.0,0.0,205.0,66.0,304.0,67.43,0.0,2.0,0.0,2014,2015,2,UAE,20.5,1
17,15.0,0.0,204.0,41.0,346.0,58.95,0.0,0.0,0.0,1980,1985,6,NZ,13.6,0
44,27.0,12.0,201.0,27.0,391.0,51.4,0.0,0.0,6.0,1993,2000,8,ZIM,7.444444444444445,0
20,14.0,4.0,200.0,50.0,247.0,80.97,0.0,1.0,2.0,1971,1977,7,ENG,14.285714285714286,1
116,35.0,18.0,199.0,21.0,282.0,70.56,0.0,0.0,5.0,2001,2009,9,AUS,5.685714285714286,0
6,6.0,0.0,199.0,85.0,198.0,100.5,0.0,1.0,0.0,2003,2003,1,NAM,33.166666666666664,1
15,12.0,3.0,199.0,53.0,213.0,93.42,0.0,1.0,0.0,2016,2019,4,3,16.583333333333332,1
5,5.0,0.0,199.0,105.0,279.0,71.32,1.0,0.0,0.0,1988,1989,2,PAK,39.8,1
173,47.0,24.0,199.0,42.0,298.0,66.77,0.0,0.0,9.0,1998,2009,12,SA,4.23404255319149,0
27,19.0,3.0,197.0,42.0,351.0,56.12,0.0,0.0,4.0,1980,1988,9,PAK,10.368421052631579,0
15,14.0,3.0,197.0,37.0,381.0,51.7,0.0,0.0,1.0,2010,2011,2,ZIM,14.071428571428571,1
12,11.0,1.0,197.0,52.0,272.0,72.42,0.0,1.0,1.0,2011,2014,4,NL,17.90909090909091,1
21,18.0,1.0,196.0,35.0,330.0,59.39,0.0,0.0,1.0,2007,2019,13,ZIM,10.88888888888889,0
12,11.0,0.0,195.0,58.0,253.0,77.07,0.0,1.0,2.0,2013,2016,4,NZ,17.727272727272727,1
12,10.0,1.0,195.0,96.0,273.0,71.42,0.0,1.0,2.0,2015,2019,5,SL,19.5,1
20,13.0,2.0,195.0,56.0,257.0,75.87,0.0,1.0,1.0,1998,2001,4,SL,15.0,1
49,25.0,14.0,193.0,33.0,310.0,62.25,0.0,0.0,4.0,1989,1995,7,PAK,7.72,1
8,7.0,0.0,193.0,69.0,238.0,81.09,0.0,1.0,0.0,2010,2010,1,NZ,27.571428571428573,1
64,41.0,19.0,193.0,34.0,256.0,75.39,0.0,0.0,3.0,1990,1995,6,NZ,4.7073170731707314,0
7,7.0,0.0,193.0,54.0,331.0,58.3,0.0,2.0,0.0,1996,1997,2,INDIA,27.571428571428573,1
15,14.0,1.0,193.0,45.0,332.0,58.13,0.0,0.0,1.0,2017,2019,3,IRE,13.785714285714286,0
13,12.0,4.0,192.0,63.0,360.0,53.33,0.0,1.0,2.0,2009,2014,6,SCOT,16.0,1
12,12.0,0.0,192.0,52.0,245.0,78.36,0.0,1.0,3.0,2006,2007,2,BMUDA,16.0,0
4,4.0,0.0,191.0,112.0,196.0,97.44,1.0,1.0,1.0,2019,2019,1,PAK,47.75,1
6,6.0,2.0,191.0,71.0,289.0,66.08,0.0,2.0,0.0,1983,1983,1,ZIM,31.833333333333332,1
13,13.0,1.0,191.0,71.0,331.0,57.7,0.0,1.0,2.0,1998,2001,4,ZIM,14.692307692307692,0
9,9.0,1.0,191.0,59.0,252.0,75.79,0.0,1.0,0.0,2018,2019,2,UAE,21.22222222222222,1
10,10.0,0.0,191.0,94.0,300.0,63.66,0.0,1.0,2.0,2010,2016,7,AFG,19.1,1
59,31.0,10.0,190.0,30.0,337.0,56.37,0.0,0.0,3.0,2009,2014,6,AUS,6.129032258064516,0
6,6.0,0.0,190.0,79.0,225.0,84.44,0.0,2.0,2.0,2014,2016,3,UAE,31.666666666666668,1
11,11.0,1.0,189.0,50.0,284.0,66.54,0.0,1.0,1.0,2010,2014,5,CAN,17.181818181818183,1
87,42.0,19.0,188.0,21.0,263.0,71.48,0.0,0.0,10.0,2008,2015,8,SL,4.476190476190476,0
58,36.0,12.0,188.0,23.0,298.0,63.08,0.0,0.0,7.0,2012,2019,8,IRE,5.222222222222222,0
40,32.0,10.0,185.0,33.0,325.0,56.92,0.0,0.0,9.0,2004,2016,13,ZIM,5.78125,0
21,19.0,5.0,185.0,36.0,278.0,66.54,0.0,0.0,2.0,2014,2019,6,IRE,9.736842105263158,0
43,16.0,4.0,184.0,31.0,241.0,76.34,0.0,0.0,0.0,1983,1990,8,WI,11.5,0
28,16.0,2.0,184.0,32.0,267.0,68.91,0.0,0.0,1.0,2001,2012,12,SA,11.5,0
8,7.0,1.0,184.0,78.0,341.0,53.95,0.0,1.0,0.0,1984,1984,1,PAK,26.285714285714285,1
20,16.0,4.0,184.0,30.0,213.0,86.38,0.0,0.0,0.0,2012,2014,3,BDESH,11.5,0
15,13.0,2.0,183.0,38.0,270.0,67.77,0.0,0.0,0.0,1999,2001,3,SL,14.076923076923077,1
47,30.0,7.0,182.0,31.0,240.0,75.83,0.0,0.0,5.0,2008,2016,9,WI,6.066666666666666,0
9,9.0,0.0,182.0,56.0,265.0,68.67,0.0,1.0,2.0,2019,2019,1,USA,20.22222222222222,1
38,20.0,6.0,181.0,38.0,190.0,95.26,0.0,0.0,3.0,2014,2017,4,INDIA,9.05,0
50,30.0,6.0,181.0,21.0,280.0,64.64,0.0,0.0,5.0,1975,1985,11,AUS,6.033333333333333,0
15,15.0,2.0,180.0,57.0,239.0,75.31,0.0,1.0,3.0,2002,2004,3,INDIA,12.0,0
32,21.0,3.0,180.0,31.0,271.0,66.42,0.0,0.0,4.0,1992,2002,11,ENG,8.571428571428571,0
15,11.0,5.0,180.0,44.0,272.0,66.17,0.0,0.0,1.0,2006,2007,2,NL,16.363636363636363,1
12,12.0,0.0,180.0,77.0,415.0,43.37,0.0,1.0,1.0,1975,1982,8,SL,15.0,0
7,7.0,0.0,179.0,70.0,334.0,53.59,0.0,1.0,0.0,1994,1996,3,UAE,25.571428571428573,1
8,7.0,0.0,179.0,59.0,251.0,71.31,0.0,2.0,0.0,2009,2010,2,WI,25.571428571428573,1
17,11.0,7.0,178.0,47.0,166.0,107.22,0.0,0.0,2.0,2017,2019,3,ENG,16.181818181818183,1
10,10.0,2.0,176.0,56.0,265.0,66.41,0.0,2.0,1.0,1979,1984,6,INDIA,17.6,1
13,13.0,0.0,175.0,49.0,301.0,58.13,0.0,0.0,2.0,2007,2014,8,CAN,13.461538461538462,0
14,14.0,2.0,174.0,29.0,253.0,68.77,0.0,0.0,2.0,1982,1986,5,NZ,12.428571428571429,0
23,13.0,2.0,174.0,45.0,227.0,76.65,0.0,0.0,1.0,1986,1988,3,AUS,13.384615384615385,0
8,8.0,0.0,174.0,70.0,325.0,53.53,0.0,1.0,1.0,1985,1988,4,ENG,21.75,1
8,8.0,0.0,173.0,44.0,342.0,50.58,0.0,0.0,1.0,1973,1978,6,ENG,21.625,1
42,27.0,13.0,172.0,22.0,188.0,91.48,0.0,0.0,2.0,1992,2000,9,NZ,6.37037037037037,0
32,26.0,6.0,172.0,21.0,247.0,69.63,0.0,0.0,3.0,1995,2004,10,BDESH,6.615384615384615,0
8,6.0,0.0,171.0,74.0,184.0,92.93,0.0,1.0,0.0,2013,2019,7,NL,28.5,1
11,11.0,5.0,171.0,45.0,280.0,61.07,0.0,0.0,0.0,1996,2003,8,NL,15.545454545454545,1
96,43.0,24.0,171.0,20.0,400.0,42.75,0.0,0.0,7.0,1987,1996,10,NZ,3.9767441860465116,0
15,12.0,2.0,171.0,78.0,181.0,94.47,0.0,1.0,1.0,2012,2019,8,SL,14.25,1
10,10.0,1.0,170.0,46.0,319.0,53.29,0.0,0.0,2.0,2016,2017,2,PNG,17.0,1
83,36.0,15.0,170.0,20.0,218.0,77.98,0.0,0.0,7.0,1992,1997,6,SA,4.722222222222222,0
16,11.0,3.0,170.0,45.0,177.0,96.04,0.0,0.0,1.0,2010,2014,5,ZIM,15.454545454545455,1
31,21.0,7.0,169.0,38.0,188.0,89.89,0.0,0.0,3.0,2013,2016,4,ENG,8.047619047619047,0
38,19.0,9.0,169.0,29.0,360.0,46.94,0.0,0.0,2.0,2003,2009,7,NL,8.894736842105264,1
5,5.0,0.0,168.0,63.0,329.0,51.06,0.0,1.0,0.0,2003,2003,1,NZ,33.6,1
40,17.0,7.0,168.0,36.0,165.0,101.81,0.0,0.0,2.0,2012,2017,6,NZ,9.882352941176471,1
7,6.0,0.0,168.0,47.0,325.0,51.69,0.0,0.0,1.0,2019,2019,1,UAE,28.0,1
63,35.0,13.0,168.0,29.0,310.0,54.19,0.0,0.0,6.0,1996,2000,5,ZIM,4.8,0
11,11.0,0.0,167.0,41.0,360.0,46.38,0.0,0.0,2.0,1984,1984,1,WI,15.181818181818182,0
8,8.0,1.0,167.0,63.0,225.0,74.22,0.0,1.0,0.0,1990,1991,2,ENG,20.875,1
12,10.0,2.0,166.0,63.0,316.0,52.53,0.0,1.0,0.0,1977,1982,6,PAK,16.6,1
14,12.0,2.0,166.0,52.0,353.0,47.02,0.0,1.0,1.0,2003,2004,2,ENG,13.833333333333334,1
10,10.0,4.0,166.0,59.0,238.0,69.74,0.0,1.0,1.0,2006,2007,2,CAN,16.6,1
70,45.0,20.0,165.0,23.0,336.0,49.1,0.0,0.0,8.0,2013,2019,7,ZIM,3.6666666666666665,0
25,19.0,6.0,165.0,35.0,285.0,57.89,0.0,0.0,2.0,2009,2014,6,CAN,8.68421052631579,0
6,6.0,0.0,165.0,121.0,265.0,62.26,1.0,0.0,1.0,2002,2003,2,NL,27.5,1
3,3.0,0.0,165.0,106.0,203.0,81.28,1.0,0.0,0.0,2014,2014,1,ENG,55.0,1
8,8.0,0.0,165.0,73.0,240.0,68.75,0.0,2.0,1.0,2019,2019,1,IRE,20.625,1
10,10.0,1.0,165.0,42.0,332.0,49.69,0.0,0.0,0.0,1982,1984,3,INDIA,16.5,1
42,25.0,10.0,164.0,29.0,263.0,62.35,0.0,0.0,8.0,2011,2019,9,WI,6.56,0
7,5.0,2.0,164.0,55.0,273.0,60.07,0.0,2.0,0.0,1973,1975,3,WI,32.8,1
31,19.0,5.0,163.0,54.0,260.0,62.69,0.0,1.0,0.0,2004,2007,4,INDIA,8.578947368421053,0
45,25.0,11.0,163.0,30.0,242.0,67.35,0.0,0.0,3.0,2010,2015,6,ENG,6.52,0
23,15.0,2.0,162.0,28.0,195.0,83.07,0.0,0.0,2.0,2017,2019,3,PAK,10.8,0
24,18.0,6.0,162.0,33.0,270.0,60.0,0.0,0.0,1.0,2000,2002,3,WI,9.0,0
18,16.0,7.0,162.0,33.0,261.0,62.06,0.0,0.0,0.0,1992,1996,5,NZ,10.125,1
2,2.0,0.0,161.0,113.0,170.0,94.7,1.0,0.0,0.0,2016,2017,2,SA,80.5,1
13,13.0,1.0,161.0,45.0,301.0,53.48,0.0,0.0,3.0,2003,2009,7,NZ,12.384615384615385,0
11,6.0,3.0,161.0,57.0,193.0,83.41,0.0,2.0,0.0,1997,1997,1,SL,26.833333333333332,1
13,11.0,1.0,161.0,58.0,302.0,53.31,0.0,1.0,2.0,2000,2005,6,WI,14.636363636363637,0
16,11.0,3.0,161.0,46.0,194.0,82.98,0.0,0.0,1.0,2018,2019,2,WI,14.636363636363637,1
30,22.0,6.0,161.0,41.0,218.0,73.85,0.0,0.0,4.0,2002,2013,12,NL,7.318181818181818,0
31,17.0,4.0,160.0,31.0,224.0,71.42,0.0,0.0,3.0,2006,2010,5,SL,9.411764705882353,0
5,5.0,0.0,160.0,47.0,307.0,52.11,0.0,0.0,0.0,1996,1996,1,NL,32.0,1
5,5.0,1.0,160.0,124.0,174.0,91.95,1.0,0.0,1.0,2015,2018,4,NZ,32.0,1
8,7.0,2.0,160.0,36.0,180.0,88.88,0.0,0.0,0.0,1994,1997,4,AUS,22.857142857142858,1
15,9.0,1.0,160.0,41.0,177.0,90.39,0.0,0.0,0.0,2000,2008,9,SL,17.77777777777778,1
6,6.0,0.0,159.0,84.0,173.0,91.9,0.0,1.0,0.0,1994,1996,3,UAE,26.5,1
13,10.0,3.0,158.0,51.0,183.0,86.33,0.0,1.0,0.0,1994,1994,1,INDIA,15.8,1
19,12.0,2.0,158.0,57.0,214.0,73.83,0.0,1.0,1.0,2011,2019,9,NZ,13.166666666666666,0
10,8.0,1.0,158.0,39.0,331.0,47.73,0.0,0.0,1.0,1999,2001,3,INDIA,19.75,1
107,36.0,16.0,157.0,29.0,225.0,69.77,0.0,0.0,6.0,2011,2019,9,SA,4.361111111111111,0
14,12.0,1.0,156.0,41.0,225.0,69.33,0.0,0.0,1.0,1994,2000,7,ENG,13.0,0
18,14.0,2.0,155.0,42.0,243.0,63.78,0.0,0.0,2.0,1983,1983,1,ENG,11.071428571428571,0
41,24.0,10.0,155.0,34.0,244.0,63.52,0.0,0.0,5.0,2006,2019,14,NL,6.458333333333333,0
89,39.0,23.0,154.0,21.0,209.0,73.68,0.0,0.0,1.0,2012,2019,8,NZ,3.948717948717949,0
9,7.0,2.0,154.0,84.0,166.0,92.77,0.0,1.0,1.0,1975,1979,5,AUS,22.0,1
15,12.0,1.0,154.0,33.0,184.0,83.69,0.0,0.0,1.0,2012,2013,2,NZ,12.833333333333334,0
14,12.0,7.0,154.0,31.0,136.0,113.23,0.0,0.0,0.0,1997,1998,2,PAK,12.833333333333334,1
22,16.0,3.0,154.0,50.0,264.0,58.33,0.0,1.0,3.0,1981,1988,8,ENG,9.625,0
15,14.0,3.0,154.0,46.0,172.0,89.53,0.0,0.0,1.0,2013,2016,4,SCOT,11.0,0
9,9.0,0.0,154.0,45.0,132.0,116.66,0.0,0.0,3.0,2008,2018,11,ZIM,17.11111111111111,1
7,7.0,0.0,153.0,46.0,301.0,50.83,0.0,0.0,0.0,1978,1981,4,INDIA,21.857142857142858,1
9,8.0,1.0,153.0,51.0,147.0,104.08,0.0,1.0,2.0,1975,1982,8,SL,19.125,1
88,31.0,18.0,152.0,29.0,221.0,68.77,0.0,0.0,5.0,1994,2001,8,AUS,4.903225806451613,0
13,12.0,0.0,152.0,30.0,199.0,76.38,0.0,0.0,0.0,2007,2018,12,SL,12.666666666666666,0
6,6.0,0.0,152.0,52.0,259.0,58.68,0.0,1.0,0.0,2009,2010,2,NZ,25.333333333333332,1
10,8.0,1.0,151.0,53.0,255.0,59.21,0.0,1.0,0.0,1999,2000,2,ENG,18.875,1
8,8.0,0.0,151.0,39.0,267.0,56.55,0.0,0.0,0.0,2014,2016,3,IRE,18.875,1
11,10.0,2.0,151.0,54.0,234.0,64.52,0.0,1.0,0.0,2004,2004,1,INDIA,15.1,1
11,9.0,1.0,151.0,37.0,271.0,55.71,0.0,0.0,1.0,1973,1975,3,NZ,16.77777777777778,1
30,19.0,7.0,151.0,30.0,213.0,70.89,0.0,0.0,3.0,2007,2015,9,SA,7.947368421052632,0
12,9.0,0.0,150.0,86.0,209.0,71.77,0.0,1.0,1.0,2004,2014,11,KENYA,16.666666666666668,1
11,11.0,0.0,150.0,39.0,332.0,45.18,0.0,0.0,0.0,2015,2019,5,ZIM,13.636363636363637,0
48,25.0,12.0,150.0,24.0,244.0,61.47,0.0,0.0,3.0,1984,1989,6,ENG,6.0,0
6,6.0,1.0,149.0,80.0,255.0,58.43,0.0,1.0,2.0,1976,1977,2,ENG,24.833333333333332,1
12,11.0,0.0,149.0,57.0,188.0,79.25,0.0,1.0,1.0,1999,2001,3,INDIA,13.545454545454545,0
5,5.0,0.0,147.0,64.0,228.0,64.47,0.0,1.0,1.0,2008,2010,3,PAK,29.4,1
11,11.0,0.0,147.0,47.0,237.0,62.02,0.0,0.0,0.0,2008,2012,5,BDESH,13.363636363636363,0
12,10.0,0.0,147.0,58.0,225.0,65.33,0.0,1.0,2.0,2006,2006,1,ZIM,14.7,0
27,17.0,7.0,147.0,31.0,202.0,72.77,0.0,0.0,0.0,2016,2019,4,SCOT,8.647058823529411,0
36,23.0,7.0,147.0,32.0,242.0,60.74,0.0,0.0,4.0,1988,1997,10,WI,6.391304347826087,0
6,6.0,0.0,146.0,69.0,184.0,79.34,0.0,1.0,1.0,2015,2015,1,AUS,24.333333333333332,1
9,8.0,1.0,146.0,59.0,194.0,75.25,0.0,1.0,0.0,2008,2009,2,WI,18.25,1
6,6.0,2.0,146.0,61.0,164.0,89.02,0.0,1.0,1.0,2018,2019,2,NEPAL,24.333333333333332,1
2,2.0,1.0,145.0,86.0,200.0,72.5,0.0,2.0,0.0,2019,2019,1,NL,72.5,1
9,8.0,1.0,144.0,46.0,166.0,86.74,0.0,0.0,2.0,2015,2018,4,AUS,18.0,1
20,13.0,0.0,144.0,39.0,232.0,62.06,0.0,0.0,2.0,2003,2006,4,ENG,11.076923076923077,0
16,11.0,2.0,144.0,43.0,207.0,69.56,0.0,0.0,0.0,1992,2001,10,SL,13.090909090909092,0
29,18.0,7.0,144.0,34.0,188.0,76.59,0.0,0.0,2.0,1996,2014,19,KENYA,8.0,0
6,6.0,0.0,143.0,51.0,189.0,75.66,0.0,1.0,1.0,2018,2019,2,NEPAL,23.833333333333332,1
31,23.0,6.0,142.0,31.0,263.0,53.99,0.0,0.0,4.0,2006,2014,9,PAK,6.173913043478261,0
16,11.0,2.0,142.0,40.0,223.0,63.67,0.0,0.0,1.0,1988,1989,2,NZ,12.909090909090908,0
22,17.0,8.0,142.0,31.0,133.0,106.76,0.0,0.0,2.0,2006,2008,3,IRE,8.352941176470589,0
7,7.0,0.0,142.0,45.0,184.0,77.17,0.0,0.0,1.0,2007,2007,1,ENG,20.285714285714285,1
5,5.0,1.0,142.0,54.0,224.0,63.39,0.0,1.0,0.0,2018,2018,1,SA,28.4,1
20,12.0,2.0,141.0,38.0,219.0,64.38,0.0,0.0,1.0,2003,2010,8,WI,11.75,0
42,20.0,9.0,141.0,38.0,208.0,67.78,0.0,0.0,1.0,1989,1999,11,ENG,7.05,0
15,11.0,1.0,141.0,52.0,138.0,102.17,0.0,1.0,1.0,1995,1997,3,WI,12.818181818181818,0
56,22.0,9.0,141.0,26.0,202.0,69.8,0.0,0.0,3.0,1991,1997,7,SA,6.409090909090909,0
120,46.0,21.0,141.0,24.0,246.0,57.31,0.0,0.0,9.0,2001,2011,11,INDIA,3.0652173913043477,0
10,10.0,0.0,141.0,50.0,316.0,44.62,0.0,1.0,0.0,1989,1993,5,PAK,14.1,0
9,7.0,0.0,141.0,39.0,253.0,55.73,0.0,0.0,0.0,1999,1999,1,ENG,20.142857142857142,1
17,11.0,2.0,140.0,34.0,179.0,78.21,0.0,0.0,2.0,2007,2011,5,NL,12.727272727272727,0
71,30.0,15.0,140.0,17.0,217.0,64.51,0.0,0.0,3.0,2004,2015,12,SL,4.666666666666667,0
101,52.0,24.0,140.0,17.0,249.0,56.22,0.0,0.0,11.0,2009,2019,11,BDESH,2.6923076923076925,0
7,7.0,0.0,140.0,50.0,324.0,43.2,0.0,1.0,0.0,1979,1980,2,AUS,20.0,1
11,10.0,1.0,139.0,33.0,137.0,101.45,0.0,0.0,1.0,1997,1998,2,ENG,13.9,0
16,13.0,2.0,139.0,41.0,170.0,81.76,0.0,0.0,0.0,1983,1987,5,AUS,10.692307692307692,0
28,20.0,6.0,138.0,19.0,241.0,57.26,0.0,0.0,2.0,1986,1992,7,SL,6.9,0
6,6.0,0.0,138.0,41.0,191.0,72.25,0.0,0.0,1.0,1976,1981,6,NZ,23.0,1
7,6.0,0.0,138.0,46.0,192.0,71.87,0.0,0.0,0.0,2017,2017,1,WI,23.0,1
7,7.0,0.0,138.0,54.0,165.0,83.63,0.0,1.0,2.0,2017,2019,3,SL,19.714285714285715,1
4,4.0,2.0,137.0,43.0,196.0,69.89,0.0,0.0,0.0,1985,1990,6,ENG,34.25,1
71,35.0,20.0,137.0,22.0,217.0,63.13,0.0,0.0,2.0,1979,1985,7,AUS,3.914285714285714,0
4,4.0,0.0,137.0,59.0,207.0,66.18,0.0,1.0,1.0,1975,1979,5,SL,34.25,1
69,30.0,13.0,136.0,35.0,223.0,60.98,0.0,0.0,7.0,2011,2017,7,ENG,4.533333333333333,0
25,18.0,2.0,136.0,46.0,265.0,51.32,0.0,0.0,3.0,1977,1984,8,ENG,7.555555555555555,0
73,34.0,16.0,136.0,25.0,164.0,82.92,0.0,0.0,5.0,2013,2019,7,INDIA,4.0,0
11,8.0,0.0,136.0,60.0,244.0,55.73,0.0,1.0,0.0,1975,1980,6,WI,17.0,1
10,10.0,1.0,136.0,34.0,238.0,57.14,0.0,0.0,2.0,2014,2018,5,HKG,13.6,0
10,9.0,4.0,136.0,41.0,194.0,70.1,0.0,0.0,1.0,1999,2002,4,INDIA,15.11111111111111,1
3,3.0,1.0,136.0,67.0,242.0,56.19,0.0,2.0,0.0,1975,1979,5,SL,45.333333333333336,1
22,10.0,1.0,135.0,50.0,145.0,93.1,0.0,1.0,1.0,2016,2019,4,SA,13.5,0
5,5.0,1.0,134.0,49.0,179.0,74.86,0.0,0.0,0.0,2008,2008,1,WI,26.8,1
18,15.0,6.0,134.0,42.0,218.0,61.46,0.0,0.0,2.0,2015,2018,4,ZIM,8.933333333333334,0
12,10.0,2.0,134.0,43.0,274.0,48.9,0.0,0.0,3.0,2014,2016,3,UAE,13.4,1
58,29.0,18.0,133.0,20.0,217.0,61.29,0.0,0.0,5.0,1993,2006,14,PAK,4.586206896551724,0
7,7.0,0.0,133.0,66.0,268.0,49.62,0.0,1.0,0.0,1998,2001,4,NZ,19.0,1
25,18.0,8.0,133.0,24.0,194.0,68.55,0.0,0.0,2.0,2001,2010,10,ENG,7.388888888888889,0
35,18.0,5.0,132.0,32.0,171.0,77.19,0.0,0.0,4.0,1993,1997,5,INDIA,7.333333333333333,0
6,6.0,0.0,132.0,52.0,220.0,60.0,0.0,1.0,1.0,2003,2003,1,NAM,22.0,1
5,5.0,0.0,131.0,66.0,232.0,56.46,0.0,2.0,1.0,2004,2008,5,PAK,26.2,1
17,11.0,2.0,131.0,63.0,225.0,58.22,0.0,1.0,2.0,1998,1999,2,INDIA,11.909090909090908,0
13,12.0,0.0,130.0,28.0,293.0,44.36,0.0,0.0,0.0,1984,1997,14,PAK,10.833333333333334,0
27,17.0,7.0,130.0,26.0,312.0,41.66,0.0,0.0,2.0,1973,1984,12,ENG,7.647058823529412,0
11,10.0,4.0,130.0,48.0,249.0,52.2,0.0,0.0,1.0,2007,2009,3,BMUDA,13.0,1
22,15.0,3.0,130.0,50.0,183.0,71.03,0.0,1.0,2.0,1986,1994,9,AUS,8.666666666666666,0
24,12.0,6.0,129.0,31.0,146.0,88.35,0.0,0.0,1.0,2006,2015,10,SL,10.75,1
59,33.0,11.0,129.0,24.0,235.0,54.89,0.0,0.0,9.0,2010,2019,10,BDESH,3.909090909090909,0
6,6.0,0.0,128.0,49.0,203.0,63.05,0.0,0.0,1.0,2019,2019,1,SL,21.333333333333332,1
6,6.0,1.0,128.0,52.0,235.0,54.46,0.0,1.0,0.0,1973,1975,3,ENG,21.333333333333332,1
5,5.0,1.0,128.0,79.0,256.0,50.0,0.0,1.0,0.0,2019,2019,1,OMAN,25.6,1
56,29.0,12.0,127.0,17.0,249.0,51.0,0.0,0.0,4.0,2001,2005,5,ZIM,4.379310344827586,0
10,10.0,4.0,127.0,52.0,182.0,69.78,0.0,1.0,2.0,1983,1983,1,ENG,12.7,1
79,22.0,12.0,127.0,30.0,166.0,76.5,0.0,0.0,2.0,2001,2008,8,SA,5.7727272727272725,0
25,13.0,6.0,127.0,32.0,149.0,85.23,0.0,0.0,2.0,2011,2019,9,PAK,9.76923076923077,1
5,5.0,0.0,126.0,73.0,199.0,63.31,0.0,1.0,1.0,2019,2019,1,NAM,25.2,1
3,3.0,1.0,126.0,63.0,177.0,71.18,0.0,1.0,0.0,2019,2019,1,UAE,42.0,1
14,12.0,3.0,126.0,30.0,201.0,62.68,0.0,0.0,3.0,2008,2008,1,BDESH,10.5,0
5,5.0,0.0,126.0,88.0,169.0,74.55,0.0,1.0,1.0,2019,2019,1,NAM,25.2,1
37,14.0,5.0,126.0,32.0,178.0,70.78,0.0,0.0,1.0,2002,2007,6,INDIA,9.0,0
7,4.0,0.0,126.0,60.0,240.0,52.5,0.0,1.0,0.0,1984,1987,4,WI,31.5,1
7,7.0,0.0,126.0,27.0,211.0,59.71,0.0,0.0,1.0,1990,1991,2,SL,18.0,1
6,6.0,0.0,125.0,94.0,176.0,71.02,0.0,1.0,1.0,2006,2007,2,AUS,20.833333333333332,1
13,8.0,2.0,125.0,31.0,155.0,80.64,0.0,0.0,0.0,2013,2016,4,IRE,15.625,1
3,3.0,1.0,125.0,84.0,86.0,145.34,0.0,1.0,0.0,2019,2019,1,AUS,41.666666666666664,1
24,16.0,7.0,124.0,30.0,159.0,77.98,0.0,0.0,1.0,1988,1993,6,AUS,7.75,0
5,5.0,0.0,124.0,41.0,182.0,68.13,0.0,0.0,0.0,2019,2019,1,NAM,24.8,1
11,11.0,1.0,124.0,37.0,218.0,56.88,0.0,0.0,1.0,2003,2005,3,ZIM,11.272727272727273,0
7,6.0,2.0,124.0,47.0,215.0,57.67,0.0,0.0,0.0,1994,1996,3,UAE,20.666666666666668,1
11,7.0,1.0,124.0,45.0,169.0,73.37,0.0,0.0,1.0,2002,2004,3,SA,17.714285714285715,1
15,13.0,2.0,124.0,41.0,186.0,66.66,0.0,0.0,2.0,1996,2001,6,WI,9.538461538461538,0
13,11.0,0.0,124.0,41.0,110.0,112.72,0.0,0.0,3.0,2013,2014,2,BDESH,11.272727272727273,0
13,10.0,4.0,123.0,26.0,200.0,61.5,0.0,0.0,0.0,2016,2017,2,SCOT,12.3,1
3,3.0,0.0,123.0,63.0,152.0,80.92,0.0,2.0,1.0,2016,2016,1,ENG,41.0,1
10,10.0,0.0,123.0,27.0,327.0,37.61,0.0,0.0,1.0,1983,1987,5,ZIM,12.3,0
13,13.0,0.0,122.0,51.0,232.0,52.58,0.0,1.0,4.0,1982,1989,8,INDIA,9.384615384615385,0
5,5.0,0.0,122.0,47.0,124.0,98.38,0.0,0.0,0.0,2008,2009,2,KENYA,24.4,1
2,2.0,0.0,122.0,69.0,218.0,55.96,0.0,2.0,0.0,2008,2008,1,BMUDA,61.0,1
7,7.0,0.0,122.0,48.0,217.0,56.22,0.0,0.0,0.0,2007,2008,2,WI,17.428571428571427,1
10,10.0,1.0,121.0,41.0,220.0,55.0,0.0,0.0,3.0,1996,2001,6,KENYA,12.1,0
5,4.0,0.0,120.0,58.0,247.0,48.58,0.0,1.0,0.0,1996,1996,1,NL,30.0,1
30,16.0,6.0,120.0,21.0,152.0,78.94,0.0,0.0,2.0,2002,2009,8,INDIA,7.5,0
10,6.0,1.0,119.0,77.0,194.0,61.34,0.0,1.0,1.0,1982,1984,3,PAK,19.833333333333332,1
114,48.0,37.0,118.0,19.0,346.0,34.1,0.0,0.0,6.0,1979,1989,11,NZ,2.4583333333333335,0
55,25.0,3.0,118.0,48.0,164.0,71.95,0.0,0.0,8.0,2002,2009,8,WI,4.72,0
10,7.0,3.0,118.0,38.0,173.0,68.2,0.0,0.0,0.0,2001,2002,2,ENG,16.857142857142858,1
19,12.0,2.0,118.0,34.0,116.0,101.72,0.0,0.0,2.0,1992,1994,3,INDIA,9.833333333333334,0
9,8.0,2.0,117.0,32.0,101.0,115.84,0.0,0.0,0.0,2019,2019,1,IRE,14.625,1
23,18.0,4.0,117.0,27.0,171.0,68.42,0.0,0.0,2.0,1992,1995,4,ZIM,6.5,0
23,19.0,8.0,117.0,22.0,249.0,46.98,0.0,0.0,2.0,2004,2006,3,ZIM,6.157894736842105,0
8,8.0,0.0,117.0,40.0,229.0,51.09,0.0,0.0,0.0,1997,2009,13,WI,14.625,0
32,17.0,7.0,116.0,31.0,162.0,71.6,0.0,0.0,1.0,1987,1990,4,INDIA,6.823529411764706,0
6,5.0,0.0,116.0,72.0,177.0,65.53,0.0,1.0,0.0,1996,1998,3,PAK,23.2,1
29,18.0,7.0,116.0,20.0,232.0,50.0,0.0,0.0,3.0,1977,1987,11,ENG,6.444444444444445,0
7,7.0,0.0,116.0,71.0,157.0,73.88,0.0,1.0,2.0,2011,2014,4,CAN,16.571428571428573,1
70,25.0,14.0,116.0,27.0,216.0,53.7,0.0,0.0,3.0,1982,1990,9,PAK,4.64,0
12,10.0,2.0,115.0,30.0,111.0,103.6,0.0,0.0,2.0,2017,2019,3,SL,11.5,0
2,2.0,0.0,115.0,89.0,185.0,62.16,0.0,1.0,0.0,1998,1998,1,INDIA,57.5,1
250,68.0,38.0,115.0,11.0,236.0,48.72,0.0,0.0,14.0,1993,2007,15,ICC,1.6911764705882353,0
6,6.0,0.0,114.0,63.0,180.0,63.33,0.0,1.0,0.0,2013,2014,2,ENG,19.0,1
11,9.0,0.0,114.0,43.0,186.0,61.29,0.0,0.0,0.0,2015,2018,4,HKG,12.666666666666666,0
36,18.0,8.0,114.0,31.0,133.0,85.71,0.0,0.0,2.0,1979,1988,10,ENG,6.333333333333333,0
5,4.0,1.0,114.0,54.0,195.0,58.46,0.0,1.0,0.0,1974,1975,2,INDIA,28.5,1
19,16.0,6.0,114.0,20.0,194.0,58.76,0.0,0.0,1.0,1975,1981,7,INDIA,7.125,0
12,12.0,2.0,113.0,27.0,149.0,75.83,0.0,0.0,1.0,2006,2007,2,BMUDA,9.416666666666666,0
8,6.0,0.0,113.0,53.0,206.0,54.85,0.0,1.0,1.0,1998,2000,3,ENG,18.833333333333332,1
13,12.0,3.0,113.0,30.0,154.0,73.37,0.0,0.0,1.0,1984,1992,9,PAK,9.416666666666666,0
3,3.0,0.0,112.0,74.0,116.0,96.55,0.0,1.0,0.0,2006,2006,1,AUS,37.333333333333336,1
5,5.0,2.0,112.0,60.0,97.0,115.46,0.0,1.0,0.0,2019,2019,1,NAM,22.4,1
7,7.0,2.0,112.0,31.0,171.0,65.49,0.0,0.0,0.0,2019,2019,1,USA,16.0,1
7,6.0,1.0,112.0,42.0,85.0,131.76,0.0,0.0,1.0,2014,2016,3,HKG,18.666666666666668,1
9,9.0,1.0,112.0,39.0,188.0,59.57,0.0,0.0,1.0,2011,2011,1,WI,12.444444444444445,0
11,10.0,1.0,112.0,27.0,160.0,70.0,0.0,0.0,0.0,2013,2015,3,ZIM,11.2,0
6,5.0,0.0,111.0,28.0,120.0,92.5,0.0,0.0,0.0,1977,1978,2,PAK,22.2,1
32,19.0,9.0,111.0,20.0,382.0,29.05,0.0,0.0,1.0,2006,2009,4,BMUDA,5.842105263157895,0
5,5.0,0.0,111.0,50.0,145.0,76.55,0.0,1.0,1.0,2019,2019,1,PAK,22.2,1
7,7.0,0.0,110.0,38.0,334.0,32.93,0.0,0.0,0.0,1983,1987,5,ZIM,15.714285714285714,0
27,18.0,4.0,110.0,18.0,201.0,54.72,0.0,0.0,2.0,2016,2019,4,IRE,6.111111111111111,0
29,15.0,7.0,110.0,17.0,173.0,63.58,0.0,0.0,0.0,1980,1985,6,PAK,7.333333333333333,0
8,7.0,1.0,109.0,39.0,207.0,52.65,0.0,0.0,0.0,1992,1995,4,ZIM,15.571428571428571,1
4,4.0,0.0,109.0,70.0,240.0,45.41,0.0,1.0,0.0,1984,1984,1,ENG,27.25,1
5,5.0,1.0,109.0,36.0,181.0,60.22,0.0,0.0,0.0,2019,2019,1,NAM,21.8,1
6,6.0,0.0,108.0,40.0,158.0,68.35,0.0,0.0,1.0,2018,2019,2,NEPAL,18.0,1
48,14.0,10.0,108.0,34.0,138.0,78.26,0.0,0.0,0.0,2013,2016,4,NZ,7.714285714285714,1
8,8.0,1.0,108.0,29.0,193.0,55.95,0.0,0.0,2.0,2017,2018,2,HKG,13.5,0
5,5.0,1.0,108.0,47.0,178.0,60.67,0.0,0.0,0.0,2018,2018,1,ZIM,21.6,1
38,22.0,6.0,107.0,17.0,195.0,54.87,0.0,0.0,4.0,2009,2019,11,AFG,4.863636363636363,0
9,8.0,2.0,107.0,56.0,150.0,71.33,0.0,1.0,0.0,1989,1995,7,ENG,13.375,1
6,6.0,0.0,106.0,32.0,261.0,40.61,0.0,0.0,0.0,1981,1983,3,ENG,17.666666666666668,1
4,4.0,0.0,106.0,60.0,174.0,60.91,0.0,1.0,0.0,2008,2008,1,BMUDA,26.5,1
11,8.0,0.0,106.0,53.0,183.0,57.92,0.0,1.0,2.0,2006,2012,7,ZIM,13.25,0
7,7.0,0.0,105.0,57.0,273.0,38.46,0.0,1.0,1.0,1988,1999,12,BDESH,15.0,0
22,10.0,6.0,105.0,29.0,126.0,83.33,0.0,0.0,1.0,2016,2019,4,WI,10.5,1
10,7.0,0.0,105.0,43.0,124.0,84.67,0.0,0.0,1.0,2013,2013,1,SA,15.0,0
6,5.0,1.0,105.0,74.0,160.0,65.62,0.0,1.0,0.0,1978,1979,2,AUS,21.0,1
5,4.0,2.0,105.0,54.0,133.0,78.94,0.0,1.0,0.0,1978,1979,2,AUS,26.25,1
84,35.0,17.0,104.0,13.0,261.0,39.84,0.0,0.0,8.0,1999,2007,9,WI,2.9714285714285715,0
8,7.0,1.0,104.0,42.0,177.0,58.75,0.0,0.0,0.0,2012,2018,7,SA,14.857142857142858,1
9,7.0,3.0,104.0,39.0,141.0,73.75,0.0,0.0,0.0,2008,2009,2,WI,14.857142857142858,1
58,20.0,10.0,104.0,23.0,242.0,42.97,0.0,0.0,3.0,2005,2011,7,INDIA,5.2,0
5,5.0,0.0,103.0,61.0,193.0,53.36,0.0,1.0,2.0,2019,2019,1,NAM,20.6,1
18,14.0,4.0,103.0,24.0,225.0,45.77,0.0,0.0,2.0,1990,1998,9,NZ,7.357142857142857,0
7,6.0,0.0,103.0,29.0,190.0,54.21,0.0,0.0,0.0,2019,2019,1,PNG,17.166666666666668,1
6,6.0,1.0,103.0,44.0,112.0,91.96,0.0,0.0,1.0,1993,2005,13,NZ,17.166666666666668,1
15,12.0,3.0,102.0,27.0,228.0,44.73,0.0,0.0,2.0,2016,2018,3,HKG,8.5,0
10,10.0,2.0,102.0,27.0,184.0,55.43,0.0,0.0,3.0,2014,2018,5,HKG,10.2,0
6,6.0,1.0,102.0,41.0,115.0,88.69,0.0,0.0,0.0,2015,2016,2,SA,17.0,1
6,6.0,1.0,101.0,43.0,215.0,46.97,0.0,0.0,1.0,1994,1996,3,UAE,16.833333333333332,1
60,23.0,16.0,101.0,15.0,184.0,54.89,0.0,0.0,2.0,2010,2015,6,AUS,4.391304347826087,0
7,5.0,0.0,101.0,36.0,216.0,46.75,0.0,0.0,2.0,1983,1983,1,SL,20.2,1
14,9.0,3.0,101.0,18.0,170.0,59.41,0.0,0.0,0.0,2001,2004,4,WI,11.222222222222221,1
11,8.0,1.0,101.0,29.0,255.0,39.6,0.0,0.0,1.0,1992,1996,5,ZIM,12.625,0
56,20.0,12.0,101.0,19.0,173.0,58.38,0.0,0.0,1.0,2017,2019,3,INDIA,5.05,0
3,3.0,0.0,101.0,49.0,228.0,44.29,0.0,0.0,0.0,1984,1984,1,ENG,33.666666666666664,1
4,4.0,0.0,101.0,36.0,175.0,57.71,0.0,0.0,0.0,2004,2008,5,HKG,25.25,1
22,12.0,8.0,101.0,39.0,140.0,72.14,0.0,0.0,0.0,1976,1985,10,NZ,8.416666666666666,1
3,3.0,0.0,100.0,62.0,119.0,84.03,0.0,1.0,0.0,1978,1978,1,INDIA,33.333333333333336,1
39,16.0,8.0,100.0,23.0,160.0,62.5,0.0,0.0,3.0,1998,2002,5,SA,6.25,0
36,18.0,8.0,100.0,28.0,157.0,63.69,0.0,0.0,2.0,2009,2019,11,SCOT,5.555555555555555,0
33,17.0,8.0,100.0,20.0,134.0,74.62,0.0,0.0,3.0,1988,1993,6,AUS,5.882352941176471,0
3,3.0,0.0,100.0,50.0,113.0,88.49,0.0,1.0,0.0,2010,2010,1,PAK,33.333333333333336,1
7,6.0,1.0,100.0,31.0,132.0,75.75,0.0,0.0,0.0,1996,1996,1,ENG,16.666666666666668,1
48,20.0,5.0,100.0,22.0,159.0,62.89,0.0,0.0,3.0,2016,2019,4,AUS,5.0,0
4,4.0,0.0,99.0,34.0,135.0,73.33,0.0,0.0,0.0,2019,2019,1,USA,24.75,1
3,3.0,0.0,99.0,76.0,204.0,48.52,0.0,1.0,0.0,2001,2001,1,WI,33.0,1
9,8.0,1.0,99.0,47.0,177.0,55.93,0.0,0.0,0.0,1996,2000,5,WI,12.375,0
6,6.0,0.0,99.0,37.0,125.0,79.2,0.0,0.0,1.0,2008,2014,7,HKG,16.5,1
2,2.0,0.0,99.0,54.0,210.0,47.14,0.0,1.0,0.0,1977,1977,1,ENG,49.5,1
3,3.0,1.0,99.0,77.0,124.0,79.83,0.0,1.0,1.0,2015,2015,1,PAK,33.0,1
5,4.0,1.0,99.0,67.0,112.0,88.39,0.0,1.0,2.0,2019,2019,1,OMAN,24.75,1
12,11.0,4.0,98.0,24.0,195.0,50.25,0.0,0.0,2.0,2006,2008,3,BMUDA,8.909090909090908,0
6,5.0,1.0,98.0,50.0,105.0,93.33,0.0,1.0,0.0,1992,1993,2,ZIM,19.6,1
10,7.0,1.0,98.0,38.0,230.0,42.6,0.0,0.0,0.0,1984,1988,5,NZ,14.0,1
6,6.0,0.0,98.0,51.0,175.0,56.0,0.0,1.0,1.0,2008,2015,8,WI,16.333333333333332,1
6,6.0,1.0,98.0,53.0,264.0,37.12,0.0,1.0,2.0,2003,2003,1,CAN,16.333333333333332,1
5,5.0,1.0,98.0,51.0,130.0,75.38,0.0,1.0,0.0,1994,1996,3,UAE,19.6,1
53,24.0,9.0,98.0,18.0,188.0,52.12,0.0,0.0,6.0,1987,1992,6,ENG,4.083333333333333,0
17,10.0,3.0,98.0,20.0,135.0,72.59,0.0,0.0,0.0,2010,2011,2,BDESH,9.8,0
7,7.0,0.0,97.0,46.0,137.0,70.8,0.0,0.0,2.0,2004,2005,2,ZIM,13.857142857142858,0
2,2.0,1.0,97.0,69.0,156.0,62.17,0.0,1.0,0.0,2007,2007,1,CAN,48.5,1
4,4.0,1.0,97.0,87.0,159.0,61.0,0.0,1.0,0.0,1985,1985,1,AUS,24.25,1
7,4.0,0.0,97.0,44.0,147.0,65.98,0.0,0.0,0.0,1997,1998,2,PAK,24.25,1
7,7.0,0.0,96.0,54.0,266.0,36.09,0.0,1.0,0.0,1988,1990,3,BDESH,13.714285714285714,0
7,6.0,2.0,96.0,31.0,104.0,92.3,0.0,0.0,0.0,1990,1991,2,ENG,16.0,1
15,8.0,3.0,96.0,57.0,95.0,101.05,0.0,1.0,1.0,2009,2019,11,SA,12.0,1
4,3.0,2.0,95.0,62.0,96.0,98.95,0.0,1.0,0.0,2015,2018,4,PAK,31.666666666666668,1
4,3.0,0.0,95.0,40.0,137.0,69.34,0.0,0.0,0.0,2012,2013,2,CAN,31.666666666666668,1
164,40.0,18.0,95.0,13.0,279.0,34.05,0.0,0.0,12.0,1991,2003,13,SA,2.375,0
11,9.0,2.0,95.0,55.0,164.0,57.92,0.0,1.0,0.0,2004,2015,12,UAE,10.555555555555555,0
50,27.0,14.0,95.0,31.0,163.0,58.28,0.0,0.0,6.0,1995,2003,9,ZIM,3.5185185185185186,0
43,15.0,8.0,95.0,34.0,162.0,58.64,0.0,0.0,1.0,2005,2017,13,NZ,6.333333333333333,0
12,12.0,2.0,95.0,34.0,246.0,38.61,0.0,0.0,1.0,2006,2007,2,BMUDA,7.916666666666667,0
6,6.0,1.0,94.0,29.0,176.0,53.4,0.0,0.0,1.0,2018,2019,2,NEPAL,15.666666666666666,1
7,7.0,1.0,94.0,44.0,112.0,83.92,0.0,0.0,0.0,2014,2017,4,SL,13.428571428571429,0
34,17.0,5.0,94.0,25.0,174.0,54.02,0.0,0.0,2.0,1995,2004,10,WI,5.529411764705882,0
4,4.0,0.0,94.0,39.0,199.0,47.23,0.0,0.0,0.0,1995,1998,4,SA,23.5,1
5,5.0,0.0,94.0,41.0,188.0,50.0,0.0,0.0,0.0,2017,2017,1,UAE,18.8,1
5,5.0,1.0,94.0,56.0,103.0,91.26,0.0,1.0,1.0,2019,2019,1,IRE,18.8,1
5,3.0,0.0,93.0,70.0,132.0,70.45,0.0,1.0,0.0,1974,1975,2,INDIA,31.0,1
14,9.0,3.0,93.0,39.0,108.0,86.11,0.0,0.0,2.0,2003,2006,4,ENG,10.333333333333334,0
23,14.0,7.0,93.0,19.0,150.0,62.0,0.0,0.0,1.0,2015,2019,5,SL,6.642857142857143,0
32,14.0,8.0,93.0,28.0,118.0,78.81,0.0,0.0,1.0,2006,2009,4,NZ,6.642857142857143,0
6,6.0,1.0,92.0,43.0,202.0,45.54,0.0,0.0,0.0,1994,1996,3,UAE,15.333333333333334,1
49,26.0,8.0,92.0,18.0,220.0,41.81,0.0,0.0,5.0,1995,2001,7,ZIM,3.5384615384615383,0
58,25.0,14.0,91.0,18.0,141.0,64.53,0.0,0.0,3.0,2002,2009,8,ENG,3.64,0
6,6.0,0.0,91.0,31.0,204.0,44.6,0.0,0.0,0.0,2003,2003,1,CAN,15.166666666666666,0
21,15.0,1.0,91.0,21.0,150.0,60.66,0.0,0.0,4.0,1992,1996,5,ZIM,6.066666666666666,0
5,4.0,0.0,91.0,49.0,169.0,53.84,0.0,0.0,0.0,1993,1994,2,SL,22.75,1
25,14.0,10.0,90.0,28.0,147.0,61.22,0.0,0.0,0.0,2006,2010,5,SCOT,6.428571428571429,1
6,6.0,0.0,90.0,52.0,145.0,62.06,0.0,1.0,2.0,2003,2003,1,NAM,15.0,0
13,11.0,9.0,90.0,46.0,83.0,108.43,0.0,0.0,0.0,2017,2019,3,PNG,8.181818181818182,1
12,8.0,1.0,90.0,30.0,127.0,70.86,0.0,0.0,0.0,2002,2002,1,INDIA,11.25,0
5,4.0,2.0,89.0,36.0,128.0,69.53,0.0,0.0,0.0,1993,1995,3,PAK,22.25,1
12,10.0,3.0,89.0,51.0,101.0,88.11,0.0,1.0,1.0,2018,2019,2,WI,8.9,0
10,7.0,1.0,89.0,39.0,75.0,118.66,0.0,0.0,1.0,2013,2015,3,PAK,12.714285714285714,0
10,8.0,2.0,89.0,37.0,70.0,127.14,0.0,0.0,3.0,2006,2007,2,SA,11.125,0
7,7.0,0.0,88.0,53.0,162.0,54.32,0.0,1.0,0.0,1988,1990,3,INDIA,12.571428571428571,0
6,5.0,0.0,88.0,40.0,134.0,65.67,0.0,0.0,0.0,2019,2019,1,USA,17.6,1
5,4.0,1.0,88.0,39.0,137.0,64.23,0.0,0.0,0.0,2009,2010,2,AFG,22.0,1
27,17.0,9.0,88.0,19.0,175.0,50.28,0.0,0.0,1.0,1983,1993,11,ZIM,5.176470588235294,0
15,10.0,3.0,87.0,37.0,136.0,63.97,0.0,0.0,1.0,1984,1986,3,PAK,8.7,0
7,7.0,3.0,87.0,31.0,137.0,63.5,0.0,0.0,1.0,2016,2019,4,PNG,12.428571428571429,1
3,3.0,1.0,87.0,46.0,79.0,110.12,0.0,0.0,0.0,2008,2008,1,CAN,29.0,1
5,4.0,1.0,87.0,35.0,144.0,60.41,0.0,0.0,0.0,2019,2019,1,OMAN,21.75,1
14,12.0,4.0,86.0,24.0,110.0,78.18,0.0,0.0,0.0,1984,1986,3,ENG,7.166666666666667,0
12,8.0,2.0,86.0,26.0,148.0,58.1,0.0,0.0,1.0,1973,1977,5,WI,10.75,0
2,2.0,0.0,86.0,62.0,190.0,45.26,0.0,1.0,0.0,1981,1981,1,WI,43.0,1
50,25.0,10.0,86.0,20.0,238.0,36.13,0.0,0.0,6.0,1996,2001,6,ENG,3.44,0
4,4.0,0.0,86.0,55.0,111.0,77.47,0.0,1.0,0.0,2018,2019,2,NEPAL,21.5,1
73,32.0,19.0,86.0,18.0,198.0,43.43,0.0,0.0,4.0,2007,2019,13,IRE,2.6875,0
31,13.0,4.0,86.0,27.0,146.0,58.9,0.0,0.0,2.0,2010,2013,4,INDIA,6.615384615384615,0
24,14.0,3.0,86.0,20.0,90.0,95.55,0.0,0.0,5.0,2011,2018,8,ZIM,6.142857142857143,0
61,24.0,13.0,86.0,21.0,180.0,47.77,0.0,0.0,3.0,1986,1994,9,NZ,3.5833333333333335,0
16,10.0,2.0,85.0,20.0,142.0,59.85,0.0,0.0,0.0,1993,1994,2,SL,8.5,0
18,14.0,3.0,85.0,31.0,69.0,123.18,0.0,0.0,3.0,2006,2007,2,SCOT,6.071428571428571,0
19,13.0,5.0,85.0,22.0,101.0,84.15,0.0,0.0,2.0,2006,2007,2,BMUDA,6.538461538461538,0
26,15.0,4.0,85.0,22.0,101.0,84.15,0.0,0.0,3.0,2004,2009,6,ENG,5.666666666666667,0
1,1.0,0.0,84.0,84.0,146.0,57.53,0.0,1.0,0.0,1988,1988,1,ENG,84.0,1
26,13.0,5.0,84.0,25.0,154.0,54.54,0.0,0.0,2.0,2002,2010,9,NZ,6.461538461538462,0
5,4.0,2.0,84.0,40.0,139.0,60.43,0.0,0.0,0.0,1996,1996,1,UAE,21.0,1
45,19.0,10.0,84.0,15.0,152.0,55.26,0.0,0.0,3.0,1982,1987,6,SL,4.421052631578948,0
7,6.0,2.0,84.0,31.0,133.0,63.15,0.0,0.0,1.0,2010,2011,2,SCOT,14.0,1
5,5.0,1.0,84.0,25.0,129.0,65.11,0.0,0.0,0.0,2008,2014,7,UAE,16.8,1
2,2.0,0.0,84.0,58.0,151.0,55.62,0.0,1.0,0.0,1987,1987,1,PAK,42.0,1
5,5.0,0.0,83.0,33.0,149.0,55.7,0.0,0.0,0.0,2003,2005,3,WI,16.6,1
2,2.0,0.0,83.0,51.0,132.0,62.87,0.0,1.0,0.0,2007,2007,1,SA,41.5,1
5,5.0,1.0,83.0,32.0,154.0,53.89,0.0,0.0,1.0,1999,1999,1,SCOT,16.6,1
9,9.0,0.0,83.0,29.0,107.0,77.57,0.0,0.0,1.0,2005,2013,9,SL,9.222222222222221,0
4,4.0,1.0,83.0,47.0,99.0,83.83,0.0,0.0,1.0,2018,2018,1,AUS,20.75,1
9,6.0,0.0,83.0,37.0,155.0,53.54,0.0,0.0,0.0,2008,2008,1,IRE,13.833333333333334,0
64,22.0,14.0,83.0,24.0,157.0,52.86,0.0,0.0,4.0,1973,1984,12,ENG,3.772727272727273,0
4,3.0,0.0,82.0,48.0,170.0,48.23,0.0,0.0,0.0,2008,2010,3,CAN,27.333333333333332,1
6,6.0,0.0,82.0,32.0,98.0,83.67,0.0,0.0,0.0,2018,2018,1,WI,13.666666666666666,0
5,5.0,0.0,82.0,28.0,169.0,48.52,0.0,0.0,1.0,1997,2000,4,SA,16.4,1
6,6.0,1.0,82.0,27.0,135.0,60.74,0.0,0.0,0.0,2003,2003,1,NAM,13.666666666666666,1
5,3.0,0.0,82.0,60.0,125.0,65.6,0.0,1.0,0.0,2014,2015,2,UAE,27.333333333333332,1
2,2.0,0.0,82.0,70.0,143.0,57.34,0.0,1.0,0.0,1977,1977,1,AUS,41.0,1
11,10.0,1.0,81.0,18.0,119.0,68.06,0.0,0.0,0.0,2009,2017,9,AUS,8.1,0
5,2.0,0.0,81.0,59.0,71.0,114.08,0.0,1.0,0.0,2009,2009,1,BDESH,40.5,1
21,13.0,2.0,81.0,20.0,162.0,50.0,0.0,0.0,3.0,2013,2016,4,SA,6.230769230769231,0
13,8.0,3.0,81.0,26.0,169.0,47.92,0.0,0.0,1.0,2006,2008,3,SCOT,10.125,0
10,7.0,0.0,81.0,45.0,163.0,49.69,0.0,0.0,1.0,2016,2018,3,HKG,11.571428571428571,0
5,5.0,1.0,81.0,33.0,114.0,71.05,0.0,0.0,0.0,2019,2019,1,NAM,16.2,1
8,7.0,1.0,81.0,57.0,135.0,60.0,0.0,1.0,1.0,2000,2004,5,INDIA,11.571428571428571,0
52,27.0,11.0,81.0,15.0,185.0,43.78,0.0,0.0,5.0,2005,2010,6,BDESH,3.0,0
9,9.0,1.0,81.0,28.0,110.0,73.63,0.0,0.0,0.0,2014,2018,5,PNG,9.0,0
12,7.0,3.0,81.0,69.0,123.0,65.85,0.0,1.0,2.0,2002,2005,4,INDIA,11.571428571428571,1
27,17.0,10.0,80.0,16.0,107.0,74.76,0.0,0.0,3.0,2010,2019,10,AFG,4.705882352941177,0
16,11.0,3.0,80.0,23.0,99.0,80.8,0.0,0.0,2.0,2008,2013,6,SCOT,7.2727272727272725,0
8,8.0,0.0,80.0,26.0,187.0,42.78,0.0,0.0,1.0,2001,2003,3,ZIM,10.0,0
11,7.0,2.0,80.0,36.0,131.0,61.06,0.0,0.0,0.0,2011,2015,5,PAK,11.428571428571429,0
10,8.0,3.0,80.0,24.0,123.0,65.04,0.0,0.0,1.0,1983,1987,5,ZIM,10.0,0
23,12.0,4.0,80.0,28.0,135.0,59.25,0.0,0.0,2.0,1988,1990,3,INDIA,6.666666666666667,0
9,5.0,2.0,79.0,49.0,77.0,102.59,0.0,0.0,0.0,2017,2019,3,NZ,15.8,1
7,6.0,1.0,79.0,27.0,172.0,45.93,0.0,0.0,0.0,2008,2011,4,INDIA,13.166666666666666,0
51,27.0,17.0,79.0,16.0,151.0,52.31,0.0,0.0,3.0,2006,2013,8,BDESH,2.925925925925926,0
17,11.0,3.0,79.0,20.0,170.0,46.47,0.0,0.0,1.0,1974,1981,8,AUS,7.181818181818182,0
75,24.0,14.0,79.0,18.0,134.0,58.95,0.0,0.0,4.0,2010,2018,9,INDIA,3.2916666666666665,0
30,12.0,8.0,78.0,15.0,136.0,57.35,0.0,0.0,1.0,1997,2000,4,AUS,6.5,1
5,5.0,1.0,78.0,33.0,133.0,58.64,0.0,0.0,0.0,1981,1981,1,AUS,15.6,1
56,27.0,17.0,78.0,18.0,136.0,57.35,0.0,0.0,4.0,2015,2019,5,BDESH,2.888888888888889,0
4,4.0,0.0,78.0,35.0,174.0,44.82,0.0,0.0,0.0,1992,1992,1,SA,19.5,1
4,4.0,0.0,78.0,45.0,117.0,66.66,0.0,0.0,0.0,2015,2016,2,PAK,19.5,1
3,3.0,0.0,78.0,52.0,147.0,53.06,0.0,1.0,0.0,1975,1975,1,SL,26.0,1
29,14.0,10.0,77.0,30.0,83.0,92.77,0.0,0.0,1.0,2012,2019,8,AUS,5.5,1
28,13.0,4.0,76.0,23.0,126.0,60.31,0.0,0.0,1.0,2013,2016,4,SA,5.846153846153846,0
26,16.0,8.0,76.0,24.0,125.0,60.8,0.0,0.0,1.0,2004,2014,11,WI,4.75,0
30,14.0,7.0,76.0,17.0,103.0,73.78,0.0,0.0,1.0,2015,2019,5,WI,5.428571428571429,0
4,4.0,0.0,76.0,44.0,92.0,82.6,0.0,0.0,0.0,2019,2019,1,USA,19.0,1
4,4.0,0.0,75.0,44.0,89.0,84.26,0.0,0.0,1.0,2017,2018,2,AUS,18.75,1
3,3.0,0.0,75.0,50.0,124.0,60.48,0.0,1.0,0.0,1972,1972,1,AUS,25.0,1
6,6.0,1.0,75.0,27.0,90.0,83.33,0.0,0.0,0.0,2013,2014,2,SL,12.5,0
14,9.0,4.0,74.0,25.0,102.0,72.54,0.0,0.0,0.0,2010,2011,2,IRE,8.222222222222221,0
43,13.0,9.0,74.0,28.0,89.0,83.14,0.0,0.0,2.0,1995,2005,11,AUS,5.6923076923076925,1
10,8.0,3.0,74.0,19.0,89.0,83.14,0.0,0.0,0.0,2017,2019,3,SA,9.25,0
70,27.0,16.0,74.0,15.0,112.0,66.07,0.0,0.0,4.0,2006,2011,6,INDIA,2.740740740740741,0
11,8.0,3.0,74.0,27.0,110.0,67.27,0.0,0.0,0.0,2000,2009,10,PAK,9.25,0
50,22.0,14.0,73.0,13.0,160.0,45.62,0.0,0.0,2.0,2003,2009,7,WI,3.3181818181818183,0
72,21.0,10.0,73.0,12.0,124.0,58.87,0.0,0.0,1.0,2001,2010,10,SA,3.4761904761904763,0
16,14.0,5.0,73.0,18.0,119.0,61.34,0.0,0.0,2.0,1986,1987,2,NZ,5.214285714285714,0
3,3.0,0.0,73.0,45.0,149.0,48.99,0.0,0.0,0.0,1979,1979,1,CAN,24.333333333333332,1
3,3.0,0.0,73.0,46.0,158.0,46.2,0.0,0.0,0.0,1977,1978,2,AUS,24.333333333333332,1
37,15.0,3.0,73.0,29.0,94.0,77.65,0.0,0.0,2.0,1998,2006,9,SA,4.866666666666666,0
2,2.0,0.0,73.0,67.0,90.0,81.11,0.0,1.0,0.0,1974,1974,1,INDIA,36.5,1
3,3.0,0.0,73.0,58.0,66.0,110.6,0.0,1.0,0.0,2017,2017,1,SL,24.333333333333332,1
2,2.0,0.0,72.0,42.0,69.0,104.34,0.0,0.0,0.0,2009,2009,1,BMUDA,36.0,1
16,12.0,4.0,72.0,27.0,95.0,75.78,0.0,0.0,1.0,1983,1984,2,AUS,6.0,0
31,17.0,8.0,72.0,20.0,130.0,55.38,0.0,0.0,1.0,2000,2003,4,ZIM,4.235294117647059,0
5,5.0,0.0,72.0,30.0,217.0,33.17,0.0,0.0,1.0,2007,2007,1,BMUDA,14.4,0
80,28.0,13.0,72.0,13.0,203.0,35.46,0.0,0.0,5.0,2007,2016,10,INDIA,2.5714285714285716,0
22,12.0,4.0,72.0,23.0,139.0,51.79,0.0,0.0,0.0,1985,1988,4,INDIA,6.0,0
5,4.0,0.0,71.0,42.0,144.0,49.3,0.0,0.0,0.0,1998,2000,3,ENG,17.75,1
5,5.0,0.0,71.0,27.0,153.0,46.4,0.0,0.0,0.0,2011,2013,3,KENYA,14.2,0
4,3.0,1.0,71.0,44.0,81.0,87.65,0.0,0.0,0.0,2018,2019,2,NL,23.666666666666668,1
4,3.0,1.0,71.0,42.0,49.0,144.89,0.0,0.0,0.0,2019,2019,1,USA,23.666666666666668,1
6,4.0,1.0,71.0,51.0,112.0,63.39,0.0,1.0,0.0,2013,2018,6,NL,17.75,1
12,7.0,1.0,71.0,25.0,166.0,42.77,0.0,0.0,1.0,2015,2019,5,SL,10.142857142857142,0
6,6.0,0.0,70.0,28.0,126.0,55.55,0.0,0.0,1.0,2007,2007,1,IRE,11.666666666666666,0
19,11.0,5.0,70.0,18.0,106.0,66.03,0.0,0.0,1.0,1986,1988,3,NZ,6.363636363636363,0
4,3.0,1.0,70.0,35.0,86.0,81.39,0.0,0.0,0.0,2011,2011,1,BDESH,23.333333333333332,1
5,5.0,0.0,70.0,31.0,159.0,44.02,0.0,0.0,1.0,1973,1974,2,ENG,14.0,0
8,7.0,1.0,70.0,20.0,142.0,49.29,0.0,0.0,0.0,2006,2008,3,BMUDA,10.0,0
16,9.0,5.0,69.0,19.0,135.0,51.11,0.0,0.0,1.0,1980,1985,6,PAK,7.666666666666667,1
39,12.0,7.0,69.0,16.0,88.0,78.4,0.0,0.0,1.0,2005,2009,5,AUS,5.75,0
19,7.0,4.0,69.0,23.0,67.0,102.98,0.0,0.0,0.0,1998,2004,7,SA,9.857142857142858,1
3,3.0,0.0,69.0,35.0,104.0,66.34,0.0,0.0,0.0,1983,1983,1,SL,23.0,1
2,2.0,0.0,69.0,50.0,130.0,53.07,0.0,1.0,0.0,2018,2018,1,NEPAL,34.5,1
40,21.0,10.0,69.0,15.0,79.0,87.34,0.0,0.0,7.0,2017,2019,3,AFG,3.2857142857142856,0
2,2.0,0.0,69.0,41.0,56.0,123.21,0.0,0.0,0.0,2019,2019,1,NL,34.5,1
2,2.0,0.0,68.0,45.0,104.0,65.38,0.0,0.0,0.0,2009,2009,1,BMUDA,34.0,1
5,4.0,1.0,68.0,32.0,116.0,58.62,0.0,0.0,0.0,2010,2013,4,NL,17.0,1
5,5.0,0.0,68.0,27.0,100.0,68.0,0.0,0.0,0.0,2010,2010,1,SCOT,13.6,0
4,4.0,2.0,68.0,32.0,73.0,93.15,0.0,0.0,0.0,2015,2019,5,PAK,17.0,1
25,11.0,5.0,68.0,14.0,119.0,57.14,0.0,0.0,0.0,1991,1996,6,ENG,6.181818181818182,0
5,5.0,0.0,68.0,23.0,137.0,49.63,0.0,0.0,1.0,2019,2019,1,OMAN,13.6,0
76,31.0,17.0,68.0,25.0,127.0,53.54,0.0,0.0,6.0,2011,2019,9,PAK,2.193548387096774,0
14,12.0,3.0,68.0,28.0,119.0,57.14,0.0,0.0,4.0,2010,2014,5,KENYA,5.666666666666667,0
2,2.0,0.0,68.0,44.0,70.0,97.14,0.0,0.0,0.0,2016,2016,1,BDESH,34.0,1
12,7.0,2.0,68.0,29.0,84.0,80.95,0.0,0.0,0.0,2018,2019,2,AUS,9.714285714285714,0
21,15.0,5.0,68.0,15.0,123.0,55.28,0.0,0.0,2.0,1997,2000,4,KENYA,4.533333333333333,0
4,4.0,0.0,67.0,35.0,118.0,56.77,0.0,0.0,1.0,1991,1993,3,SA,16.75,1
4,4.0,0.0,67.0,45.0,173.0,38.72,0.0,0.0,0.0,1996,1996,1,ZIM,16.75,1
9,8.0,3.0,67.0,25.0,144.0,46.52,0.0,0.0,1.0,2011,2014,4,CAN,8.375,0
12,12.0,3.0,67.0,25.0,138.0,48.55,0.0,0.0,2.0,2014,2016,3,ZIM,5.583333333333333,0
11,9.0,1.0,67.0,23.0,183.0,36.61,0.0,0.0,2.0,2002,2008,7,NL,7.444444444444445,0
25,16.0,4.0,67.0,14.0,151.0,44.37,0.0,0.0,1.0,2004,2018,15,HKG,4.1875,0
3,2.0,0.0,67.0,55.0,145.0,46.2,0.0,1.0,0.0,1973,1974,2,NZ,33.5,1
44,27.0,17.0,67.0,17.0,160.0,41.87,0.0,0.0,4.0,2009,2019,11,AFG,2.4814814814814814,0
31,13.0,2.0,67.0,24.0,88.0,76.13,0.0,0.0,4.0,2015,2019,5,NZ,5.153846153846154,0
8,5.0,1.0,67.0,35.0,137.0,48.9,0.0,0.0,0.0,2015,2017,3,HKG,13.4,1
24,9.0,5.0,66.0,33.0,124.0,53.22,0.0,0.0,2.0,1996,2003,8,SA,7.333333333333333,1
4,4.0,0.0,66.0,25.0,99.0,66.66,0.0,0.0,0.0,1997,1998,2,PAK,16.5,1
11,8.0,4.0,66.0,19.0,122.0,54.09,0.0,0.0,1.0,1974,1986,13,AUS,8.25,1
17,10.0,3.0,66.0,21.0,100.0,66.0,0.0,0.0,2.0,2014,2019,6,AFG,6.6,0
6,6.0,0.0,65.0,20.0,145.0,44.82,0.0,0.0,0.0,2008,2008,1,BMUDA,10.833333333333334,0
26,13.0,7.0,65.0,17.0,80.0,81.25,0.0,0.0,1.0,1992,1996,5,WI,5.0,0
50,23.0,14.0,65.0,12.0,203.0,32.01,0.0,0.0,5.0,1998,2005,8,WI,2.8260869565217392,0
12,8.0,3.0,65.0,21.0,109.0,59.63,0.0,0.0,1.0,1990,1991,2,NZ,8.125,0
4,4.0,0.0,65.0,31.0,131.0,49.61,0.0,0.0,0.0,1995,1996,2,PAK,16.25,0
12,6.0,1.0,64.0,30.0,85.0,75.29,0.0,0.0,1.0,1973,1978,6,WI,10.666666666666666,0
42,28.0,13.0,64.0,21.0,130.0,49.23,0.0,0.0,7.0,2006,2013,8,CAN,2.2857142857142856,0
7,6.0,0.0,64.0,23.0,165.0,38.78,0.0,0.0,0.0,1999,1999,1,WI,10.666666666666666,0
8,8.0,1.0,63.0,17.0,143.0,44.05,0.0,0.0,0.0,2006,2010,5,SCOT,7.875,0
4,2.0,1.0,63.0,56.0,51.0,123.52,0.0,1.0,0.0,2009,2009,1,NZ,31.5,1
7,7.0,1.0,63.0,23.0,140.0,45.0,0.0,0.0,0.0,2008,2010,3,SCOT,9.0,0
6,4.0,1.0,63.0,39.0,77.0,81.81,0.0,0.0,0.0,2014,2019,6,BDESH,15.75,1
5,4.0,1.0,62.0,27.0,89.0,69.66,0.0,0.0,0.0,2011,2012,2,PAK,15.5,1
45,18.0,12.0,62.0,11.0,143.0,43.35,0.0,0.0,2.0,1986,1994,9,SL,3.4444444444444446,0
3,3.0,0.0,62.0,27.0,70.0,88.57,0.0,0.0,0.0,2018,2019,2,SCOT,20.666666666666668,1
3,3.0,0.0,62.0,38.0,104.0,59.61,0.0,0.0,1.0,1973,1974,2,NZ,20.666666666666668,1
41,22.0,8.0,62.0,17.0,125.0,49.6,0.0,0.0,5.0,1994,2002,9,WI,2.8181818181818183,0
36,15.0,7.0,62.0,19.0,125.0,49.6,0.0,0.0,4.0,2016,2019,4,NZ,4.133333333333334,0
9,7.0,3.0,62.0,19.0,91.0,68.13,0.0,0.0,0.0,2019,2019,1,USA,8.857142857142858,0
9,7.0,1.0,62.0,36.0,83.0,74.69,0.0,0.0,1.0,2016,2018,3,PNG,8.857142857142858,0
2,2.0,0.0,62.0,37.0,108.0,57.4,0.0,0.0,0.0,1986,1986,1,BDESH,31.0,1
7,7.0,0.0,61.0,32.0,195.0,31.28,0.0,0.0,1.0,1994,1996,3,UAE,8.714285714285714,0
7,4.0,0.0,61.0,41.0,44.0,138.63,0.0,0.0,2.0,2008,2009,2,BDESH,15.25,0
1,1.0,1.0,61.0,61.0,76.0,80.26,0.0,1.0,0.0,2019,2019,1,ENG,61.0,0
13,8.0,0.0,61.0,16.0,101.0,60.39,0.0,0.0,1.0,1994,2002,9,NZ,7.625,0
3,3.0,0.0,61.0,43.0,100.0,61.0,0.0,0.0,0.0,1981,1981,1,ENG,20.333333333333332,1
8,7.0,1.0,61.0,20.0,150.0,40.66,0.0,0.0,0.0,1996,1996,1,KENYA,8.714285714285714,0
6,5.0,1.0,61.0,32.0,77.0,79.22,0.0,0.0,0.0,1978,1980,3,WI,12.2,0
2,2.0,0.0,61.0,36.0,128.0,47.65,0.0,0.0,0.0,1995,1995,1,PAK,30.5,1
4,4.0,0.0,61.0,28.0,73.0,83.56,0.0,0.0,0.0,2015,2016,2,UAE,15.25,0
6,6.0,2.0,61.0,23.0,116.0,52.58,0.0,0.0,0.0,1993,2002,10,SA,10.166666666666666,0
4,4.0,1.0,61.0,33.0,108.0,56.48,0.0,0.0,0.0,2010,2011,2,KENYA,15.25,1
10,4.0,2.0,61.0,29.0,41.0,148.78,0.0,0.0,1.0,2008,2009,2,IRE,15.25,1
11,10.0,3.0,60.0,30.0,130.0,46.15,0.0,0.0,1.0,1990,2001,12,NZ,6.0,0
8,8.0,0.0,60.0,20.0,135.0,44.44,0.0,0.0,1.0,2007,2008,2,BMUDA,7.5,0
10,8.0,2.0,60.0,20.0,58.0,103.44,0.0,0.0,1.0,1978,1982,5,WI,7.5,0
5,3.0,0.0,60.0,39.0,56.0,107.14,0.0,0.0,0.0,2001,2001,1,PAK,20.0,1
3,3.0,0.0,60.0,28.0,158.0,37.97,0.0,0.0,0.0,1973,1975,3,ENG,20.0,1
17,10.0,2.0,60.0,19.0,98.0,61.22,0.0,0.0,2.0,1998,2001,4,WI,6.0,0
2,2.0,0.0,59.0,44.0,82.0,71.95,0.0,0.0,0.0,2007,2007,1,CAN,29.5,1
10,8.0,0.0,59.0,24.0,89.0,66.29,0.0,0.0,0.0,2008,2011,4,CAN,7.375,0
7,7.0,0.0,59.0,18.0,239.0,24.68,0.0,0.0,1.0,1986,1990,5,BDESH,8.428571428571429,0
16,9.0,4.0,59.0,16.0,79.0,74.68,0.0,0.0,1.0,2006,2010,5,NL,6.555555555555555,0
10,8.0,2.0,59.0,22.0,104.0,56.73,0.0,0.0,0.0,2010,2010,1,SCOT,7.375,0
3,3.0,0.0,58.0,52.0,68.0,85.29,0.0,1.0,0.0,1980,1981,2,ENG,19.333333333333332,1
20,14.0,7.0,58.0,18.0,136.0,42.64,0.0,0.0,3.0,2017,2019,3,UAE,4.142857142857143,0
7,7.0,0.0,58.0,15.0,160.0,36.25,0.0,0.0,1.0,2006,2014,9,ZIM,8.285714285714286,0
8,7.0,2.0,58.0,20.0,118.0,49.15,0.0,0.0,0.0,2013,2013,1,SCOT,8.285714285714286,0
5,4.0,0.0,58.0,28.0,77.0,75.32,0.0,0.0,0.0,2014,2016,3,UAE,14.5,0
5,5.0,1.0,58.0,24.0,111.0,52.25,0.0,0.0,0.0,2003,2003,1,NAM,11.6,0
6,4.0,4.0,58.0,39.0,47.0,123.4,0.0,0.0,0.0,2015,2015,1,NZ,14.5,0
7,4.0,0.0,58.0,28.0,98.0,59.18,0.0,0.0,1.0,1978,1983,6,AUS,14.5,0
8,4.0,0.0,57.0,34.0,77.0,74.02,0.0,0.0,0.0,1973,1975,3,WI,14.25,0
6,6.0,0.0,57.0,20.0,129.0,44.18,0.0,0.0,1.0,2002,2003,2,BDESH,9.5,0
3,3.0,0.0,57.0,45.0,176.0,32.38,0.0,0.0,1.0,1975,1975,1,EAf,19.0,1
5,5.0,0.0,57.0,31.0,109.0,52.29,0.0,0.0,0.0,1999,1999,1,SCOT,11.4,0
7,7.0,3.0,57.0,19.0,48.0,118.75,0.0,0.0,0.0,2018,2018,1,AUS,8.142857142857142,0
3,3.0,0.0,56.0,23.0,73.0,76.71,0.0,0.0,0.0,2019,2019,1,UAE,18.666666666666668,1
2,2.0,0.0,56.0,54.0,72.0,77.77,0.0,1.0,0.0,2008,2008,1,IRE,28.0,1
22,11.0,4.0,56.0,27.0,152.0,36.84,0.0,0.0,1.0,1976,1982,7,ENG,5.090909090909091,0
8,6.0,0.0,56.0,29.0,121.0,46.28,0.0,0.0,0.0,2010,2013,4,KENYA,9.333333333333334,0
2,2.0,0.0,56.0,32.0,59.0,94.91,0.0,0.0,0.0,1989,1989,1,PAK,28.0,1
61,21.0,13.0,56.0,16.0,109.0,51.37,0.0,0.0,3.0,2009,2013,5,SA,2.6666666666666665,0
51,17.0,10.0,56.0,13.0,63.0,88.88,0.0,0.0,3.0,2015,2019,5,ENG,3.2941176470588234,0
6,6.0,0.0,55.0,30.0,123.0,44.71,0.0,0.0,1.0,1994,1995,2,NZ,9.166666666666666,0
1,1.0,1.0,55.0,55.0,61.0,90.16,0.0,1.0,0.0,2016,2016,1,INDIA,55.0,0
6,6.0,0.0,55.0,21.0,90.0,61.11,0.0,0.0,0.0,2006,2007,2,ZIM,9.166666666666666,0
7,4.0,0.0,55.0,28.0,80.0,68.75,0.0,0.0,0.0,1996,1996,1,SA,13.75,0
5,5.0,3.0,55.0,50.0,102.0,53.92,0.0,1.0,0.0,2019,2019,1,USA,11.0,1
39,23.0,13.0,55.0,9.0,134.0,41.04,0.0,0.0,2.0,2004,2010,7,ZIM,2.391304347826087,0
4,3.0,0.0,55.0,41.0,81.0,67.9,0.0,0.0,1.0,1986,1986,1,SL,18.333333333333332,1
3,3.0,0.0,54.0,24.0,102.0,52.94,0.0,0.0,0.0,2015,2018,4,UAE,18.0,1
4,4.0,0.0,54.0,41.0,102.0,52.94,0.0,0.0,1.0,2004,2008,5,UAE,13.5,0
2,2.0,0.0,54.0,38.0,70.0,77.14,0.0,0.0,0.0,2002,2002,1,AUS,27.0,1
15,9.0,1.0,54.0,14.0,93.0,58.06,0.0,0.0,1.0,1974,1983,10,ENG,6.0,0
5,5.0,0.0,54.0,19.0,135.0,40.0,0.0,0.0,1.0,2003,2004,2,ENG,10.8,0
6,6.0,2.0,54.0,21.0,63.0,85.71,0.0,0.0,1.0,2018,2019,2,PNG,9.0,0
14,8.0,4.0,54.0,27.0,145.0,37.24,0.0,0.0,1.0,1975,1981,7,NZ,6.75,0
5,5.0,0.0,54.0,30.0,80.0,67.5,0.0,0.0,1.0,2007,2008,2,CAN,10.8,0
4,4.0,1.0,54.0,27.0,91.0,59.34,0.0,0.0,0.0,1998,1998,1,INDIA,13.5,1
8,5.0,2.0,54.0,36.0,63.0,85.71,0.0,0.0,0.0,1996,1997,2,WI,10.8,1
3,3.0,0.0,54.0,30.0,185.0,29.18,0.0,0.0,0.0,1975,1975,1,EAf,18.0,1
15,9.0,4.0,54.0,26.0,126.0,42.85,0.0,0.0,2.0,1974,1983,10,INDIA,6.0,0
4,2.0,0.0,53.0,27.0,67.0,79.1,0.0,0.0,0.0,2013,2014,2,AUS,26.5,1
3,3.0,0.0,53.0,38.0,121.0,43.8,0.0,0.0,0.0,1993,1995,3,PAK,17.666666666666668,1
4,4.0,1.0,53.0,16.0,104.0,50.96,0.0,0.0,0.0,1997,1997,1,BDESH,13.25,1
34,22.0,13.0,53.0,13.0,134.0,39.55,0.0,0.0,4.0,1999,2003,5,BDESH,2.409090909090909,0
17,10.0,1.0,53.0,15.0,125.0,42.4,0.0,0.0,3.0,2015,2018,4,ZIM,5.3,0
9,9.0,5.0,53.0,13.0,102.0,51.96,0.0,0.0,1.0,2001,2007,7,BDESH,5.888888888888889,0
23,13.0,5.0,53.0,11.0,140.0,37.85,0.0,0.0,2.0,2001,2003,3,SL,4.076923076923077,0
26,13.0,4.0,53.0,17.0,133.0,39.84,0.0,0.0,2.0,1973,1982,10,ENG,4.076923076923077,0
9,8.0,0.0,53.0,19.0,86.0,61.62,0.0,0.0,4.0,2009,2017,9,WI,6.625,0
1,1.0,0.0,53.0,53.0,67.0,79.1,0.0,1.0,0.0,1974,1974,1,AUS,53.0,1
5,5.0,0.0,52.0,23.0,118.0,44.06,0.0,0.0,1.0,1999,1999,1,SCOT,10.4,0
4,4.0,1.0,52.0,23.0,73.0,71.23,0.0,0.0,1.0,2003,2005,3,NZ,13.0,1
5,5.0,0.0,52.0,18.0,71.0,73.23,0.0,0.0,1.0,2019,2019,1,USA,10.4,0
7,5.0,1.0,52.0,20.0,47.0,110.63,0.0,0.0,1.0,2018,2019,2,ZIM,10.4,0
6,4.0,0.0,52.0,31.0,83.0,62.65,0.0,0.0,0.0,2013,2019,7,SL,13.0,0
14,9.0,4.0,52.0,11.0,106.0,49.05,0.0,0.0,1.0,2017,2019,3,PNG,5.777777777777778,0
17,13.0,4.0,52.0,16.0,77.0,67.53,0.0,0.0,3.0,2017,2019,3,UAE,4.0,0
3,3.0,1.0,51.0,46.0,46.0,110.86,0.0,0.0,1.0,1985,1985,1,ENG,17.0,1
5,4.0,1.0,51.0,24.0,82.0,62.19,0.0,0.0,1.0,2001,2001,1,INDIA,12.75,1
25,11.0,5.0,51.0,10.0,77.0,66.23,0.0,0.0,1.0,1985,1991,7,WI,4.636363636363637,0
5,3.0,0.0,51.0,24.0,55.0,92.72,0.0,0.0,0.0,2010,2011,2,INDIA,17.0,1
5,5.0,0.0,51.0,27.0,130.0,39.23,0.0,0.0,2.0,2013,2014,2,INDIA,10.2,0
22,10.0,5.0,51.0,19.0,56.0,91.07,0.0,0.0,2.0,2013,2019,7,AUS,5.1,0
22,7.0,3.0,51.0,16.0,97.0,52.57,0.0,0.0,2.0,1982,1984,3,INDIA,7.285714285714286,0
39,8.0,2.0,50.0,30.0,54.0,92.59,0.0,0.0,1.0,2009,2011,3,AUS,6.25,0
5,5.0,0.0,50.0,32.0,112.0,44.64,0.0,0.0,2.0,1996,1996,1,NL,10.0,0
6,6.0,0.0,50.0,18.0,163.0,30.67,0.0,0.0,1.0,1983,1983,1,ZIM,8.333333333333334,0
4,4.0,0.0,50.0,18.0,122.0,40.98,0.0,0.0,1.0,1987,1987,1,NZ,12.5,0
13,8.0,2.0,50.0,17.0,63.0,79.36,0.0,0.0,0.0,2005,2007,3,ENG,6.25,0
8,7.0,3.0,50.0,38.0,79.0,63.29,0.0,0.0,2.0,2017,2019,3,PNG,7.142857142857143,0
5,5.0,0.0,50.0,27.0,150.0,33.33,0.0,0.0,0.0,1999,2006,8,SCOT,10.0,0
15,11.0,4.0,50.0,19.0,89.0,56.17,0.0,0.0,1.0,2005,2011,7,ENG,4.545454545454546,0
2,2.0,0.0,50.0,43.0,111.0,45.04,0.0,0.0,0.0,2012,2014,3,CAN,25.0,1
6,5.0,3.0,49.0,25.0,42.0,116.66,0.0,0.0,0.0,1991,1992,2,INDIA,9.8,1
3,3.0,0.0,49.0,43.0,50.0,98.0,0.0,0.0,0.0,1972,1972,1,ENG,16.333333333333332,1
18,5.0,4.0,49.0,16.0,56.0,87.5,0.0,0.0,0.0,1978,1984,7,WI,9.8,1
3,3.0,0.0,49.0,30.0,97.0,50.51,0.0,0.0,0.0,1999,2000,2,INDIA,16.333333333333332,1
5,5.0,2.0,49.0,27.0,60.0,81.66,0.0,0.0,1.0,2007,2010,4,CAN,9.8,1
59,18.0,14.0,49.0,8.0,90.0,54.44,0.0,0.0,1.0,1983,1993,11,INDIA,2.7222222222222223,0
26,17.0,7.0,49.0,11.0,136.0,36.02,0.0,0.0,5.0,2007,2014,8,KENYA,2.8823529411764706,0
4,4.0,0.0,49.0,25.0,156.0,31.41,0.0,0.0,1.0,1990,1990,1,SL,12.25,0
61,21.0,8.0,49.0,10.0,117.0,41.88,0.0,0.0,1.0,1986,1992,7,AUS,2.3333333333333335,0
10,6.0,0.0,49.0,17.0,48.0,102.08,0.0,0.0,1.0,1981,1989,9,NZ,8.166666666666666,0
5,4.0,1.0,49.0,20.0,68.0,72.05,0.0,0.0,0.0,1996,1996,1,NL,12.25,1
3,2.0,2.0,49.0,37.0,56.0,87.5,0.0,0.0,0.0,2010,2010,1,INDIA,24.5,0
12,8.0,1.0,49.0,15.0,86.0,56.97,0.0,0.0,0.0,1995,2001,7,SL,6.125,0
16,11.0,7.0,48.0,15.0,92.0,52.17,0.0,0.0,1.0,2014,2015,2,BDESH,4.363636363636363,0
14,6.0,3.0,48.0,18.0,75.0,64.0,0.0,0.0,1.0,1972,1975,4,ENG,8.0,0
3,3.0,1.0,48.0,25.0,86.0,55.81,0.0,0.0,0.0,1971,1972,2,ENG,16.0,1
21,13.0,7.0,48.0,21.0,48.0,100.0,0.0,0.0,0.0,2009,2012,4,AUS,3.6923076923076925,0
60,33.0,21.0,48.0,12.0,149.0,32.21,0.0,0.0,8.0,2010,2016,7,PAK,1.4545454545454546,0
83,40.0,20.0,48.0,6.0,202.0,23.76,0.0,0.0,7.0,2004,2019,16,ZIM,1.2,0
17,8.0,3.0,48.0,13.0,56.0,85.71,0.0,0.0,1.0,1992,1994,3,SA,6.0,0
10,8.0,3.0,48.0,34.0,94.0,51.06,0.0,0.0,1.0,2000,2000,1,SA,6.0,0
1,1.0,0.0,48.0,48.0,117.0,41.02,0.0,0.0,0.0,2006,2006,1,SL,48.0,1
2,2.0,1.0,48.0,44.0,65.0,73.84,0.0,0.0,0.0,1987,1987,1,ENG,24.0,1
8,6.0,0.0,48.0,18.0,62.0,77.41,0.0,0.0,1.0,1995,1995,1,PAK,8.0,0
4,4.0,2.0,48.0,19.0,68.0,70.58,0.0,0.0,0.0,2010,2010,1,PAK,12.0,1
9,8.0,0.0,47.0,16.0,92.0,51.08,0.0,0.0,2.0,2003,2007,5,CAN,5.875,0
3,3.0,0.0,47.0,25.0,171.0,27.48,0.0,0.0,0.0,1979,1979,1,CAN,15.666666666666666,0
3,3.0,2.0,47.0,37.0,100.0,47.0,0.0,0.0,0.0,2014,2016,3,UAE,15.666666666666666,1
3,3.0,0.0,47.0,22.0,66.0,71.21,0.0,0.0,0.0,1975,1975,1,SL,15.666666666666666,0
22,9.0,6.0,47.0,19.0,66.0,71.21,0.0,0.0,0.0,2018,2019,2,SA,5.222222222222222,0
5,4.0,1.0,47.0,19.0,73.0,64.38,0.0,0.0,0.0,2002,2003,2,INDIA,11.75,0
11,7.0,4.0,47.0,16.0,79.0,59.49,0.0,0.0,0.0,2000,2002,3,NZ,6.714285714285714,0
3,3.0,0.0,46.0,37.0,114.0,40.35,0.0,0.0,0.0,1975,1975,1,EAf,15.333333333333334,0
2,2.0,0.0,46.0,39.0,88.0,52.27,0.0,0.0,0.0,2016,2016,1,INDIA,23.0,1
19,14.0,4.0,46.0,18.0,89.0,51.68,0.0,0.0,3.0,2014,2015,2,ZIM,3.2857142857142856,0
18,10.0,8.0,46.0,16.0,112.0,41.07,0.0,0.0,0.0,2008,2012,5,INDIA,4.6,1
5,5.0,0.0,46.0,24.0,67.0,68.65,0.0,0.0,1.0,1971,1975,5,AUS,9.2,0
4,4.0,0.0,46.0,28.0,109.0,42.2,0.0,0.0,1.0,2008,2014,7,HKG,11.5,0
10,7.0,1.0,46.0,20.0,43.0,106.97,0.0,0.0,0.0,2018,2019,2,SCOT,6.571428571428571,0
15,10.0,7.0,45.0,15.0,104.0,43.26,0.0,0.0,1.0,1983,1985,3,PAK,4.5,0
3,2.0,0.0,45.0,41.0,65.0,69.23,0.0,0.0,0.0,2003,2003,1,NAM,22.5,1
10,7.0,2.0,45.0,35.0,140.0,32.14,0.0,0.0,1.0,1973,1981,9,WI,6.428571428571429,0
13,7.0,4.0,45.0,15.0,55.0,81.81,0.0,0.0,0.0,1994,1998,5,AUS,6.428571428571429,0
10,9.0,2.0,45.0,13.0,108.0,41.66,0.0,0.0,1.0,2003,2008,6,CAN,5.0,0
15,7.0,5.0,45.0,16.0,83.0,54.21,0.0,0.0,0.0,1998,2003,6,NZ,6.428571428571429,1
3,3.0,0.0,44.0,32.0,85.0,51.76,0.0,0.0,0.0,1988,1988,1,NZ,14.666666666666666,0
6,6.0,0.0,44.0,17.0,127.0,34.64,0.0,0.0,3.0,2003,2003,1,CAN,7.333333333333333,0
5,4.0,2.0,44.0,23.0,104.0,42.3,0.0,0.0,0.0,1986,1990,5,BDESH,11.0,1
1,1.0,0.0,44.0,44.0,61.0,72.13,0.0,0.0,0.0,1974,1974,1,INDIA,44.0,1
8,5.0,1.0,44.0,18.0,77.0,57.14,0.0,0.0,1.0,2010,2010,1,IRE,8.8,0
59,20.0,15.0,44.0,13.0,101.0,43.56,0.0,0.0,1.0,1986,1993,8,WI,2.2,0
2,2.0,0.0,44.0,22.0,56.0,78.57,0.0,0.0,0.0,1994,1994,1,UAE,22.0,1
53,21.0,10.0,44.0,10.0,121.0,36.36,0.0,0.0,3.0,2005,2011,7,INDIA,2.0952380952380953,0
5,5.0,1.0,44.0,22.0,75.0,58.66,0.0,0.0,1.0,2009,2012,4,SCOT,8.8,0
15,8.0,2.0,43.0,11.0,71.0,60.56,0.0,0.0,1.0,1999,1999,1,WI,5.375,0
6,5.0,1.0,43.0,17.0,91.0,47.25,0.0,0.0,1.0,2004,2010,7,BDESH,8.6,0
7,5.0,3.0,43.0,23.0,72.0,59.72,0.0,0.0,0.0,2002,2006,5,SL,8.6,1
17,6.0,0.0,43.0,19.0,63.0,68.25,0.0,0.0,3.0,1995,2000,6,INDIA,7.166666666666667,0
36,11.0,3.0,43.0,14.0,82.0,52.43,0.0,0.0,2.0,2003,2016,14,INDIA,3.909090909090909,0
3,3.0,0.0,43.0,27.0,79.0,54.43,0.0,0.0,1.0,2014,2014,1,UAE,14.333333333333334,0
2,2.0,0.0,43.0,34.0,85.0,50.58,0.0,0.0,0.0,1986,1986,1,ENG,21.5,1
4,4.0,3.0,43.0,28.0,56.0,76.78,0.0,0.0,0.0,1980,1981,2,ENG,10.75,1
5,5.0,0.0,43.0,23.0,94.0,45.74,0.0,0.0,0.0,2003,2003,1,NAM,8.6,0
1,1.0,0.0,42.0,42.0,107.0,39.25,0.0,0.0,0.0,2002,2002,1,BDESH,42.0,1
2,2.0,1.0,42.0,22.0,73.0,57.53,0.0,0.0,0.0,1978,1978,1,PAK,21.0,1
7,5.0,3.0,42.0,19.0,51.0,82.35,0.0,0.0,0.0,2007,2008,2,IRE,8.4,1
5,2.0,1.0,42.0,28.0,39.0,107.69,0.0,0.0,0.0,1974,1975,2,AUS,21.0,1
23,11.0,5.0,42.0,14.0,71.0,59.15,0.0,0.0,1.0,1983,1984,2,AUS,3.8181818181818183,0
15,8.0,4.0,42.0,13.0,80.0,52.5,0.0,0.0,0.0,2011,2015,5,AUS,5.25,0
4,4.0,0.0,42.0,26.0,97.0,43.29,0.0,0.0,1.0,2002,2002,1,NZ,10.5,0
19,8.0,6.0,42.0,19.0,64.0,65.62,0.0,0.0,1.0,2018,2019,2,PAK,5.25,1
11,6.0,3.0,41.0,13.0,71.0,57.74,0.0,0.0,0.0,2001,2002,2,ENG,6.833333333333333,0
4,4.0,0.0,41.0,19.0,92.0,44.56,0.0,0.0,0.0,2006,2006,1,CAN,10.25,0
14,7.0,3.0,41.0,11.0,61.0,67.21,0.0,0.0,1.0,2002,2008,7,NZ,5.857142857142857,0
3,3.0,1.0,41.0,19.0,154.0,26.62,0.0,0.0,0.0,1975,1975,1,EAf,13.666666666666666,1
9,5.0,2.0,41.0,16.0,56.0,73.21,0.0,0.0,0.0,2010,2014,5,INDIA,8.2,0
3,3.0,0.0,41.0,29.0,91.0,45.05,0.0,0.0,0.0,1977,1978,2,PAK,13.666666666666666,0
32,16.0,6.0,41.0,14.0,99.0,41.41,0.0,0.0,3.0,2014,2017,4,BDESH,2.5625,0
3,3.0,1.0,41.0,32.0,78.0,52.56,0.0,0.0,0.0,2006,2008,3,CAN,13.666666666666666,1
3,3.0,0.0,40.0,38.0,49.0,81.63,0.0,0.0,1.0,2015,2015,1,PAK,13.333333333333334,0
13,5.0,3.0,40.0,22.0,73.0,54.79,0.0,0.0,1.0,2008,2010,3,IRE,8.0,1
11,7.0,2.0,40.0,20.0,85.0,47.05,0.0,0.0,3.0,1973,1976,4,NZ,5.714285714285714,0
6,4.0,1.0,40.0,20.0,69.0,57.97,0.0,0.0,1.0,2009,2010,2,AFG,10.0,0
6,5.0,1.0,40.0,15.0,69.0,57.97,0.0,0.0,0.0,2018,2019,2,NEPAL,8.0,0
2,2.0,0.0,40.0,39.0,60.0,66.66,0.0,0.0,0.0,2018,2018,1,ZIM,20.0,1
4,3.0,1.0,40.0,29.0,89.0,44.94,0.0,0.0,0.0,2019,2019,1,OMAN,13.333333333333334,1
3,3.0,0.0,40.0,25.0,95.0,42.1,0.0,0.0,1.0,2004,2006,3,KENYA,13.333333333333334,0
6,6.0,3.0,40.0,20.0,98.0,40.81,0.0,0.0,1.0,1978,1985,8,AUS,6.666666666666667,0
2,2.0,0.0,40.0,39.0,94.0,42.55,0.0,0.0,0.0,2018,2018,1,NL,20.0,1
38,13.0,7.0,40.0,9.0,90.0,44.44,0.0,0.0,1.0,1983,1993,11,AUS,3.076923076923077,0
5,5.0,2.0,39.0,16.0,69.0,56.52,0.0,0.0,1.0,1993,1993,1,ZIM,7.8,0
50,8.0,3.0,39.0,18.0,72.0,54.16,0.0,0.0,1.0,2016,2019,4,INDIA,4.875,0
4,4.0,1.0,39.0,30.0,77.0,50.64,0.0,0.0,0.0,2001,2002,2,INDIA,9.75,0
38,19.0,13.0,39.0,13.0,92.0,42.39,0.0,0.0,4.0,1996,2000,5,SL,2.0526315789473686,0
14,8.0,3.0,39.0,8.0,102.0,38.23,0.0,0.0,0.0,1986,1986,1,AUS,4.875,0
15,7.0,1.0,39.0,13.0,90.0,43.33,0.0,0.0,2.0,1977,1988,12,PAK,5.571428571428571,0
1,1.0,0.0,39.0,39.0,56.0,69.64,0.0,0.0,0.0,2019,2019,1,WI,39.0,1
2,2.0,0.0,39.0,34.0,75.0,52.0,0.0,0.0,0.0,2011,2011,1,NL,19.5,1
6,5.0,1.0,39.0,22.0,80.0,48.75,0.0,0.0,2.0,1996,1998,3,ENG,7.8,0
47,12.0,8.0,39.0,15.0,52.0,75.0,0.0,0.0,0.0,1987,1995,9,AUS,3.25,0
29,11.0,7.0,39.0,15.0,102.0,38.23,0.0,0.0,2.0,1977,1982,6,AUS,3.5454545454545454,0
1,1.0,0.0,39.0,39.0,124.0,31.45,0.0,0.0,0.0,2004,2004,1,UAE,39.0,1
5,5.0,0.0,39.0,12.0,135.0,28.88,0.0,0.0,0.0,2002,2003,2,NL,7.8,0
11,8.0,2.0,39.0,9.0,60.0,65.0,0.0,0.0,0.0,2010,2011,2,ENG,4.875,0
7,3.0,2.0,39.0,22.0,22.0,177.27,0.0,0.0,1.0,2017,2019,3,INDIA,13.0,1
3,3.0,1.0,39.0,30.0,76.0,51.31,0.0,0.0,0.0,1975,1975,1,EAf,13.0,1
18,6.0,2.0,38.0,28.0,49.0,77.55,0.0,0.0,2.0,2016,2018,3,ENG,6.333333333333333,0
3,3.0,0.0,38.0,19.0,143.0,26.57,0.0,0.0,0.0,1979,1979,1,CAN,12.666666666666666,0
25,12.0,5.0,38.0,13.0,58.0,65.51,0.0,0.0,1.0,2007,2011,5,INDIA,3.1666666666666665,0
4,3.0,0.0,38.0,19.0,72.0,52.77,0.0,0.0,1.0,2011,2012,2,SL,12.666666666666666,0
20,13.0,7.0,38.0,6.0,53.0,71.69,0.0,0.0,0.0,1995,1998,4,ENG,2.923076923076923,0
4,4.0,0.0,38.0,23.0,73.0,52.05,0.0,0.0,0.0,1996,1996,1,UAE,9.5,0
6,6.0,1.0,38.0,16.0,45.0,84.44,0.0,0.0,1.0,2011,2014,4,ZIM,6.333333333333333,0
2,2.0,0.0,38.0,20.0,68.0,55.88,0.0,0.0,0.0,1974,1974,1,INDIA,19.0,1
4,4.0,1.0,38.0,21.0,64.0,59.37,0.0,0.0,1.0,2004,2008,5,HKG,9.5,0
9,7.0,0.0,38.0,16.0,54.0,70.37,0.0,0.0,2.0,2006,2008,3,BMUDA,5.428571428571429,0
4,4.0,1.0,38.0,34.0,44.0,86.36,0.0,0.0,1.0,2019,2019,1,USA,9.5,0
3,3.0,0.0,38.0,16.0,126.0,30.15,0.0,0.0,0.0,1975,1975,1,EAf,12.666666666666666,0
5,5.0,1.0,38.0,10.0,101.0,37.62,0.0,0.0,0.0,1983,1984,2,NZ,7.6,0
5,5.0,1.0,38.0,21.0,74.0,51.35,0.0,0.0,1.0,2019,2019,1,OMAN,7.6,0
44,13.0,11.0,37.0,11.0,57.0,64.91,0.0,0.0,1.0,2010,2018,9,AUS,2.8461538461538463,1
12,5.0,3.0,37.0,17.0,67.0,55.22,0.0,0.0,0.0,1987,1995,9,ZIM,7.4,1
3,3.0,0.0,37.0,34.0,50.0,74.0,0.0,0.0,1.0,2018,2019,2,ZIM,12.333333333333334,0
1,1.0,1.0,37.0,37.0,37.0,100.0,0.0,0.0,0.0,2017,2017,1,ENG,37.0,0
7,4.0,2.0,37.0,22.0,59.0,62.71,0.0,0.0,0.0,1990,1997,8,BDESH,9.25,1
1,1.0,0.0,37.0,37.0,44.0,84.09,0.0,0.0,0.0,1996,1996,1,PAK,37.0,1
3,3.0,0.0,37.0,15.0,97.0,38.14,0.0,0.0,0.0,1990,1990,1,NZ,12.333333333333334,0
4,4.0,1.0,36.0,18.0,69.0,52.17,0.0,0.0,0.0,2014,2014,1,HKG,9.0,0
1,1.0,0.0,36.0,36.0,39.0,92.3,0.0,0.0,0.0,2019,2019,1,SL,36.0,1
23,8.0,3.0,36.0,15.0,63.0,57.14,0.0,0.0,2.0,2002,2003,2,SL,4.5,0
10,7.0,3.0,36.0,15.0,63.0,57.14,0.0,0.0,0.0,1977,1982,6,AUS,5.142857142857143,0
3,3.0,0.0,36.0,23.0,92.0,39.13,0.0,0.0,1.0,1996,1996,1,UAE,12.0,0
4,4.0,0.0,36.0,30.0,89.0,40.44,0.0,0.0,0.0,2006,2007,2,BMUDA,9.0,0
31,9.0,5.0,36.0,14.0,52.0,69.23,0.0,0.0,2.0,1994,1999,6,SL,4.0,0
39,13.0,11.0,36.0,10.0,73.0,49.31,0.0,0.0,2.0,1986,1990,5,PAK,2.769230769230769,1
2,2.0,0.0,36.0,23.0,53.0,67.92,0.0,0.0,0.0,1978,1978,1,AUS,18.0,1
3,2.0,2.0,36.0,25.0,75.0,48.0,0.0,0.0,0.0,1996,1996,1,KENYA,18.0,0
6,5.0,1.0,36.0,20.0,76.0,47.36,0.0,0.0,1.0,2003,2003,1,ENG,7.2,0
3,3.0,0.0,35.0,21.0,77.0,45.45,0.0,0.0,0.0,2019,2019,1,NEPAL,11.666666666666666,0
25,16.0,6.0,35.0,14.0,56.0,62.5,0.0,0.0,7.0,2015,2018,4,IRE,2.1875,0
9,7.0,3.0,35.0,11.0,105.0,33.33,0.0,0.0,0.0,2006,2006,1,BMUDA,5.0,0
15,7.0,4.0,35.0,14.0,82.0,42.68,0.0,0.0,1.0,1974,1980,7,AUS,5.0,0
4,3.0,2.0,35.0,29.0,30.0,116.66,0.0,0.0,0.0,2004,2007,4,INDIA,11.666666666666666,1
2,2.0,0.0,35.0,27.0,72.0,48.61,0.0,0.0,0.0,2017,2017,1,HKG,17.5,1
38,21.0,13.0,35.0,6.0,128.0,27.34,0.0,0.0,4.0,2004,2012,9,BDESH,1.6666666666666667,0
17,11.0,4.0,35.0,21.0,85.0,41.17,0.0,0.0,4.0,2010,2013,4,KENYA,3.1818181818181817,0
15,10.0,4.0,35.0,12.0,107.0,32.71,0.0,0.0,1.0,2006,2007,2,CAN,3.5,0
5,5.0,2.0,35.0,13.0,32.0,109.37,0.0,0.0,0.0,1998,1999,2,NZ,7.0,0
11,7.0,4.0,35.0,11.0,46.0,76.08,0.0,0.0,1.0,1994,2005,12,ENG,5.0,0
2,2.0,1.0,35.0,31.0,49.0,71.42,0.0,0.0,0.0,2006,2006,1,NL,17.5,1
3,3.0,0.0,35.0,30.0,76.0,46.05,0.0,0.0,1.0,2007,2008,2,SL,11.666666666666666,0
5,5.0,3.0,35.0,14.0,40.0,87.5,0.0,0.0,0.0,2014,2015,2,PAK,7.0,1
2,2.0,0.0,34.0,26.0,75.0,45.33,0.0,0.0,0.0,2004,2004,1,USA,17.0,1
20,13.0,4.0,34.0,9.0,42.0,80.95,0.0,0.0,5.0,1989,1997,9,INDIA,2.6153846153846154,0
30,13.0,6.0,34.0,11.0,76.0,44.73,0.0,0.0,2.0,1992,1996,5,PAK,2.6153846153846154,0
3,3.0,1.0,34.0,18.0,36.0,94.44,0.0,0.0,0.0,2000,2000,1,PAK,11.333333333333334,1
9,6.0,1.0,34.0,11.0,49.0,69.38,0.0,0.0,0.0,1998,1999,2,ENG,5.666666666666667,0
15,9.0,3.0,34.0,9.0,62.0,54.83,0.0,0.0,1.0,1973,1978,6,NZ,3.7777777777777777,0
19,11.0,8.0,34.0,12.0,64.0,53.12,0.0,0.0,1.0,2011,2016,6,SL,3.090909090909091,0
13,8.0,3.0,34.0,9.0,71.0,47.88,0.0,0.0,2.0,1985,1988,4,ENG,4.25,0
10,9.0,7.0,34.0,16.0,50.0,68.0,0.0,0.0,1.0,2003,2010,8,KENYA,3.7777777777777777,1
29,13.0,6.0,34.0,11.0,56.0,60.71,0.0,0.0,2.0,1996,2002,7,ZIM,2.6153846153846154,0
38,16.0,7.0,34.0,6.0,100.0,34.0,0.0,0.0,3.0,2005,2010,6,PAK,2.125,0
52,18.0,6.0,34.0,9.0,77.0,44.15,0.0,0.0,6.0,1983,1991,9,AUS,1.8888888888888888,0
2,2.0,0.0,34.0,25.0,94.0,36.17,0.0,0.0,0.0,2004,2004,1,HKG,17.0,1
5,3.0,1.0,33.0,32.0,42.0,78.57,0.0,0.0,1.0,2019,2019,1,OMAN,11.0,1
2,2.0,0.0,33.0,33.0,98.0,33.67,0.0,0.0,1.0,2006,2006,1,BMUDA,16.5,1
4,3.0,3.0,33.0,14.0,60.0,55.0,0.0,0.0,0.0,1975,1982,8,SL,11.0,0
10,5.0,3.0,33.0,15.0,39.0,84.61,0.0,0.0,0.0,1983,1987,5,INDIA,6.6,1
11,6.0,2.0,33.0,13.0,71.0,46.47,0.0,0.0,1.0,1985,1985,1,AUS,5.5,0
3,3.0,1.0,33.0,16.0,54.0,61.11,0.0,0.0,0.0,1983,1983,1,ZIM,11.0,1
2,2.0,0.0,33.0,33.0,58.0,56.89,0.0,0.0,1.0,2019,2019,1,SL,16.5,1
3,2.0,0.0,33.0,22.0,27.0,122.22,0.0,0.0,0.0,2019,2019,1,NZ,16.5,1
9,6.0,2.0,33.0,16.0,56.0,58.92,0.0,0.0,1.0,1990,1991,2,INDIA,5.5,0
65,18.0,6.0,32.0,9.0,97.0,32.98,0.0,0.0,6.0,1981,1991,11,AUS,1.7777777777777777,0
7,4.0,3.0,32.0,17.0,25.0,128.0,0.0,0.0,0.0,1997,1997,1,SA,8.0,1
3,3.0,0.0,32.0,30.0,75.0,42.66,0.0,0.0,1.0,2018,2019,2,NL,10.666666666666666,0
5,3.0,0.0,32.0,15.0,50.0,64.0,0.0,0.0,0.0,2010,2011,2,NL,10.666666666666666,0
53,16.0,8.0,32.0,8.0,67.0,47.76,0.0,0.0,4.0,1990,1996,7,INDIA,2.0,0
1,1.0,0.0,32.0,32.0,37.0,86.48,0.0,0.0,0.0,1988,1988,1,AUS,32.0,1
5,5.0,0.0,32.0,16.0,67.0,47.76,0.0,0.0,1.0,2016,2016,1,IRE,6.4,0
9,6.0,3.0,31.0,24.0,73.0,42.46,0.0,0.0,1.0,2018,2019,2,UAE,5.166666666666667,0
10,7.0,2.0,31.0,13.0,70.0,44.28,0.0,0.0,1.0,1974,1979,6,INDIA,4.428571428571429,0
6,4.0,3.0,31.0,14.0,58.0,53.44,0.0,0.0,0.0,1982,1982,1,SL,7.75,1
16,8.0,2.0,31.0,16.0,39.0,79.48,0.0,0.0,2.0,1988,1993,6,ENG,3.875,0
2,2.0,0.0,31.0,25.0,33.0,93.93,0.0,0.0,0.0,2018,2018,1,SA,15.5,0
5,4.0,0.0,31.0,16.0,65.0,47.69,0.0,0.0,0.0,1994,1995,2,ZIM,7.75,0
3,3.0,1.0,31.0,15.0,71.0,43.66,0.0,0.0,0.0,1998,2002,5,SL,10.333333333333334,0
19,10.0,8.0,31.0,11.0,54.0,57.4,0.0,0.0,1.0,2006,2010,5,SCOT,3.1,0
21,12.0,4.0,31.0,6.0,88.0,35.22,0.0,0.0,2.0,2016,2019,4,SL,2.5833333333333335,0
26,9.0,5.0,31.0,11.0,66.0,46.96,0.0,0.0,1.0,2013,2015,3,INDIA,3.4444444444444446,0
20,6.0,3.0,31.0,10.0,30.0,103.33,0.0,0.0,1.0,2009,2019,11,AUS,5.166666666666667,0
27,11.0,7.0,31.0,16.0,97.0,31.95,0.0,0.0,2.0,1977,1989,13,PAK,2.8181818181818183,0
3,2.0,1.0,31.0,24.0,67.0,46.26,0.0,0.0,0.0,2002,2003,2,ZIM,15.5,1
5,2.0,0.0,31.0,27.0,37.0,83.78,0.0,0.0,0.0,2019,2019,1,WI,15.5,0
4,3.0,2.0,31.0,16.0,38.0,81.57,0.0,0.0,0.0,1983,1983,1,AUS,10.333333333333334,1
1,1.0,0.0,31.0,31.0,77.0,40.25,0.0,0.0,0.0,1991,1991,1,SA,31.0,1
6,3.0,1.0,31.0,18.0,47.0,65.95,0.0,0.0,0.0,1998,1999,2,AUS,10.333333333333334,0
10,8.0,2.0,30.0,17.0,73.0,41.09,0.0,0.0,1.0,2002,2009,8,ENG,3.75,0
14,7.0,4.0,30.0,12.0,31.0,96.77,0.0,0.0,1.0,1978,1987,10,NZ,4.285714285714286,0
2,2.0,0.0,30.0,30.0,52.0,57.69,0.0,0.0,1.0,2004,2004,1,HKG,15.0,0
30,12.0,5.0,30.0,10.0,50.0,60.0,0.0,0.0,2.0,1999,2005,7,WI,2.5,0
4,4.0,1.0,30.0,17.0,43.0,69.76,0.0,0.0,0.0,1971,1972,2,ENG,7.5,0
12,10.0,4.0,30.0,11.0,87.0,34.48,0.0,0.0,3.0,2014,2018,5,HKG,3.0,0
8,8.0,6.0,30.0,7.0,61.0,49.18,0.0,0.0,1.0,2017,2019,3,SL,3.75,0
33,12.0,6.0,30.0,8.0,61.0,49.18,0.0,0.0,1.0,1982,1991,10,ENG,2.5,0
26,13.0,5.0,30.0,8.0,101.0,29.7,0.0,0.0,3.0,2005,2007,3,ZIM,2.3076923076923075,0
4,3.0,1.0,30.0,13.0,52.0,57.69,0.0,0.0,0.0,2018,2019,2,NL,10.0,0
2,2.0,0.0,30.0,24.0,38.0,78.94,0.0,0.0,0.0,1978,1978,1,WI,15.0,0
5,3.0,3.0,30.0,15.0,40.0,75.0,0.0,0.0,0.0,2013,2019,7,NL,10.0,0
3,3.0,0.0,30.0,29.0,55.0,54.54,0.0,0.0,1.0,1979,1979,1,CAN,10.0,0
9,5.0,2.0,29.0,17.0,63.0,46.03,0.0,0.0,0.0,1999,2006,8,KENYA,5.8,0
42,21.0,14.0,29.0,7.0,77.0,37.66,0.0,0.0,4.0,2012,2019,8,SL,1.380952380952381,0
17,10.0,6.0,29.0,14.0,59.0,49.15,0.0,0.0,1.0,2001,2003,3,SL,2.9,0
25,11.0,8.0,29.0,16.0,69.0,42.02,0.0,0.0,0.0,2007,2012,6,AUS,2.6363636363636362,0
2,2.0,0.0,29.0,28.0,63.0,46.03,0.0,0.0,0.0,2000,2000,1,PAK,14.5,0
3,3.0,0.0,29.0,18.0,56.0,51.78,0.0,0.0,1.0,2006,2007,2,IRE,9.666666666666666,0
5,3.0,0.0,29.0,18.0,55.0,52.72,0.0,0.0,1.0,1975,1979,5,SL,9.666666666666666,0
5,2.0,0.0,29.0,23.0,52.0,55.76,0.0,0.0,0.0,1979,1979,1,AUS,14.5,0
21,12.0,2.0,28.0,8.0,139.0,20.14,0.0,0.0,4.0,2002,2011,10,NL,2.3333333333333335,0
35,5.0,3.0,28.0,10.0,53.0,52.83,0.0,0.0,0.0,1983,1988,6,WI,5.6,0
3,3.0,0.0,28.0,15.0,75.0,37.33,0.0,0.0,0.0,2010,2010,1,IRE,9.333333333333334,0
2,1.0,1.0,28.0,28.0,21.0,133.33,0.0,0.0,0.0,2008,2008,1,PAK,28.0,0
5,2.0,0.0,28.0,28.0,18.0,155.55,0.0,0.0,1.0,2019,2019,1,PAK,14.0,0
45,11.0,6.0,28.0,18.0,57.0,49.12,0.0,0.0,3.0,1997,2001,5,INDIA,2.5454545454545454,0
2,2.0,0.0,28.0,24.0,58.0,48.27,0.0,0.0,0.0,1980,1980,1,PAK,14.0,0
6,4.0,1.0,27.0,15.0,42.0,64.28,0.0,0.0,0.0,2013,2015,3,PAK,6.75,0
3,3.0,0.0,27.0,21.0,89.0,30.33,0.0,0.0,1.0,1983,1988,6,NZ,9.0,0
5,5.0,0.0,27.0,9.0,59.0,45.76,0.0,0.0,0.0,2011,2011,1,CAN,5.4,0
5,5.0,0.0,27.0,22.0,85.0,31.76,0.0,0.0,0.0,2010,2011,2,NL,5.4,0
6,5.0,0.0,27.0,20.0,44.0,61.36,0.0,0.0,1.0,2003,2007,5,SL,5.4,0
14,11.0,6.0,27.0,12.0,55.0,49.09,0.0,0.0,2.0,2006,2015,10,ZIM,2.4545454545454546,0
5,4.0,1.0,27.0,24.0,51.0,52.94,0.0,0.0,2.0,2003,2003,1,NAM,6.75,0
12,2.0,2.0,27.0,25.0,28.0,96.42,0.0,0.0,0.0,2014,2016,3,INDIA,13.5,0
1,1.0,0.0,27.0,27.0,49.0,55.1,0.0,0.0,0.0,1971,1971,1,AUS,27.0,1
19,6.0,3.0,27.0,11.0,40.0,67.5,0.0,0.0,0.0,1984,1989,6,PAK,4.5,0
4,3.0,1.0,27.0,23.0,54.0,50.0,0.0,0.0,0.0,1997,1997,1,PAK,9.0,0
3,2.0,0.0,27.0,17.0,40.0,67.5,0.0,0.0,0.0,2007,2009,3,BMUDA,13.5,0
9,4.0,1.0,27.0,16.0,24.0,112.5,0.0,0.0,1.0,2017,2018,2,PAK,6.75,0
7,6.0,0.0,27.0,13.0,79.0,34.17,0.0,0.0,1.0,1974,1976,3,INDIA,4.5,0
25,6.0,4.0,27.0,13.0,46.0,58.69,0.0,0.0,2.0,2002,2004,3,AUS,4.5,0
17,5.0,4.0,27.0,11.0,63.0,42.85,0.0,0.0,0.0,1984,1990,7,PAK,5.4,1
14,6.0,3.0,26.0,9.0,45.0,57.77,0.0,0.0,0.0,2011,2012,2,PAK,4.333333333333333,0
1,1.0,1.0,26.0,26.0,22.0,118.18,0.0,0.0,0.0,2009,2009,1,NZ,26.0,0
2,2.0,1.0,26.0,19.0,93.0,27.95,0.0,0.0,0.0,1975,1975,1,NZ,13.0,1
8,6.0,1.0,26.0,18.0,66.0,39.39,0.0,0.0,2.0,1989,1991,3,WI,4.333333333333333,0
3,2.0,1.0,26.0,17.0,49.0,53.06,0.0,0.0,0.0,2019,2019,1,OMAN,13.0,1
25,11.0,4.0,26.0,7.0,43.0,60.46,0.0,0.0,1.0,1997,1997,1,INDIA,2.3636363636363638,0
5,5.0,1.0,26.0,8.0,75.0,34.66,0.0,0.0,0.0,2008,2016,9,BDESH,5.2,0
26,8.0,3.0,26.0,13.0,91.0,28.57,0.0,0.0,0.0,2007,2007,1,ENG,3.25,0
3,3.0,1.0,26.0,18.0,44.0,59.09,0.0,0.0,0.0,1975,1977,3,PAK,8.666666666666666,0
3,2.0,0.0,26.0,14.0,37.0,70.27,0.0,0.0,0.0,1991,1991,1,SA,13.0,0
9,6.0,4.0,26.0,17.0,35.0,74.28,0.0,0.0,1.0,1991,1994,4,SA,4.333333333333333,0
4,4.0,0.0,26.0,14.0,59.0,44.06,0.0,0.0,0.0,2010,2010,1,NZ,6.5,0
10,8.0,7.0,26.0,11.0,73.0,35.61,0.0,0.0,1.0,2002,2004,3,BDESH,3.25,1
3,3.0,2.0,26.0,17.0,38.0,68.42,0.0,0.0,0.0,2003,2003,1,NAM,8.666666666666666,1
5,5.0,2.0,26.0,14.0,38.0,68.42,0.0,0.0,2.0,2003,2003,1,NAM,5.2,0
3,2.0,0.0,26.0,13.0,70.0,37.14,0.0,0.0,0.0,1992,1992,1,PAK,13.0,0
1,1.0,1.0,26.0,26.0,54.0,48.14,0.0,0.0,0.0,2008,2008,1,HKG,26.0,0
7,6.0,0.0,26.0,13.0,62.0,41.93,0.0,0.0,1.0,1994,1996,3,UAE,4.333333333333333,0
3,2.0,0.0,25.0,25.0,50.0,50.0,0.0,0.0,1.0,1992,1993,2,ENG,12.5,0
5,4.0,3.0,25.0,13.0,34.0,73.52,0.0,0.0,0.0,2005,2006,2,WI,6.25,1
2,1.0,1.0,25.0,25.0,19.0,131.57,0.0,0.0,0.0,2009,2010,2,CAN,25.0,0
2,1.0,0.0,25.0,25.0,62.0,40.32,0.0,0.0,0.0,1973,1973,1,WI,25.0,1
5,4.0,1.0,25.0,20.0,39.0,64.1,0.0,0.0,0.0,1983,1988,6,SL,6.25,0
4,2.0,0.0,25.0,17.0,26.0,96.15,0.0,0.0,0.0,2017,2018,2,SA,12.5,0
6,4.0,2.0,25.0,14.0,54.0,46.29,0.0,0.0,0.0,2007,2008,2,NL,6.25,0
7,4.0,2.0,25.0,11.0,62.0,40.32,0.0,0.0,0.0,1988,1990,3,BDESH,6.25,0
2,1.0,0.0,25.0,25.0,29.0,86.2,0.0,0.0,0.0,2003,2003,1,CAN,25.0,1
2,2.0,0.0,25.0,21.0,35.0,71.42,0.0,0.0,0.0,2018,2018,1,NEPAL,12.5,0
6,2.0,1.0,25.0,21.0,53.0,47.16,0.0,0.0,0.0,1973,1978,6,PAK,12.5,1
2,1.0,0.0,25.0,25.0,17.0,147.05,0.0,0.0,0.0,2019,2019,1,AFG,25.0,1
17,8.0,7.0,25.0,8.0,43.0,58.13,0.0,0.0,0.0,1996,2000,5,PAK,3.125,1
13,6.0,1.0,25.0,7.0,51.0,49.01,0.0,0.0,0.0,2008,2016,9,PAK,4.166666666666667,0
35,7.0,5.0,25.0,11.0,29.0,86.2,0.0,0.0,1.0,2007,2011,5,AUS,3.5714285714285716,0
2,1.0,0.0,24.0,24.0,57.0,42.1,0.0,0.0,0.0,2019,2019,1,PNG,24.0,1
1,1.0,0.0,24.0,24.0,58.0,41.37,0.0,0.0,0.0,1986,1986,1,ENG,24.0,1
2,2.0,0.0,24.0,14.0,84.0,28.57,0.0,0.0,0.0,2004,2004,1,HKG,12.0,0
25,16.0,9.0,24.0,12.0,63.0,38.09,0.0,0.0,4.0,2016,2019,4,WI,1.5,0
11,6.0,0.0,24.0,8.0,50.0,48.0,0.0,0.0,1.0,1980,1981,2,AUS,4.0,0
2,2.0,0.0,24.0,16.0,47.0,51.06,0.0,0.0,0.0,2004,2008,5,HKG,12.0,0
4,4.0,1.0,24.0,9.0,37.0,64.86,0.0,0.0,0.0,1996,1996,1,NL,6.0,0
1,1.0,0.0,24.0,24.0,30.0,80.0,0.0,0.0,0.0,2019,2019,1,ENG,24.0,1
26,7.0,4.0,24.0,13.0,45.0,53.33,0.0,0.0,1.0,2003,2010,8,NZ,3.4285714285714284,0
2,2.0,1.0,24.0,16.0,43.0,55.81,0.0,0.0,0.0,1995,1995,1,PAK,12.0,1
38,13.0,6.0,24.0,8.0,91.0,26.37,0.0,0.0,3.0,1997,2000,4,NZ,1.8461538461538463,0
2,2.0,1.0,24.0,23.0,28.0,85.71,0.0,0.0,0.0,1979,1979,1,SL,12.0,1
3,1.0,0.0,24.0,24.0,41.0,58.53,0.0,0.0,0.0,2000,2000,1,SA,24.0,1
2,2.0,0.0,24.0,14.0,63.0,38.09,0.0,0.0,0.0,1986,1986,1,BDESH,12.0,0
6,5.0,3.0,24.0,12.0,136.0,17.64,0.0,0.0,0.0,1997,1997,1,BDESH,4.8,0
12,7.0,2.0,24.0,12.0,56.0,42.85,0.0,0.0,0.0,1992,1995,4,NZ,3.4285714285714284,0
31,16.0,9.0,23.0,7.0,94.0,24.46,0.0,0.0,1.0,2012,2017,6,AFG,1.4375,0
17,11.0,5.0,23.0,6.0,64.0,35.93,0.0,0.0,1.0,1997,2003,7,KENYA,2.090909090909091,0
3,3.0,0.0,23.0,21.0,22.0,104.54,0.0,0.0,1.0,1995,1995,1,WI,7.666666666666667,0
5,4.0,0.0,23.0,11.0,28.0,82.14,0.0,0.0,0.0,1999,1999,1,SCOT,5.75,0
8,4.0,1.0,23.0,11.0,29.0,79.31,0.0,0.0,0.0,1997,2003,7,INDIA,5.75,0
1,1.0,0.0,23.0,23.0,36.0,63.88,0.0,0.0,0.0,2019,2019,1,UAE,23.0,1
3,2.0,1.0,23.0,16.0,23.0,100.0,0.0,0.0,0.0,2019,2019,1,IRE,11.5,1
1,1.0,0.0,23.0,23.0,33.0,69.69,0.0,0.0,0.0,1978,1978,1,WI,23.0,1
2,1.0,1.0,23.0,23.0,11.0,209.09,0.0,0.0,0.0,2009,2009,1,AFG,23.0,0
5,3.0,1.0,23.0,12.0,41.0,56.09,0.0,0.0,0.0,2008,2009,2,CAN,7.666666666666667,0
3,1.0,0.0,23.0,23.0,7.0,328.57,0.0,0.0,0.0,2008,2008,1,SA,23.0,1
2,2.0,0.0,23.0,23.0,44.0,52.27,0.0,0.0,1.0,2004,2004,1,USA,11.5,0
5,3.0,1.0,23.0,15.0,33.0,69.69,0.0,0.0,0.0,1997,2001,5,NZ,7.666666666666667,0
3,3.0,1.0,23.0,18.0,27.0,85.18,0.0,0.0,0.0,1989,1990,2,INDIA,7.666666666666667,0
4,3.0,2.0,23.0,23.0,37.0,62.16,0.0,0.0,1.0,2016,2016,1,AUS,7.666666666666667,1
2,2.0,0.0,23.0,17.0,51.0,45.09,0.0,0.0,0.0,2019,2019,1,UAE,11.5,0
4,4.0,1.0,22.0,22.0,52.0,42.3,0.0,0.0,2.0,2004,2008,5,HKG,5.5,0
2,2.0,2.0,22.0,20.0,25.0,88.0,0.0,0.0,0.0,1994,1994,1,SL,11.0,0
13,6.0,4.0,22.0,10.0,49.0,44.89,0.0,0.0,1.0,1996,1999,4,ENG,3.6666666666666665,0
4,3.0,1.0,22.0,13.0,25.0,88.0,0.0,0.0,1.0,2014,2015,2,UAE,7.333333333333333,0
7,3.0,1.0,22.0,19.0,39.0,56.41,0.0,0.0,1.0,2011,2011,1,PAK,7.333333333333333,0
11,10.0,6.0,22.0,11.0,66.0,33.33,0.0,0.0,3.0,1997,2000,4,BDESH,2.2,0
2,1.0,0.0,22.0,22.0,42.0,52.38,0.0,0.0,0.0,1973,1973,1,NZ,22.0,1
2,2.0,0.0,22.0,17.0,44.0,50.0,0.0,0.0,0.0,1985,1985,1,ENG,11.0,0
2,2.0,1.0,21.0,12.0,47.0,44.68,0.0,0.0,0.0,2004,2004,1,UAE,10.5,1
4,3.0,1.0,21.0,8.0,32.0,65.62,0.0,0.0,0.0,1986,1987,2,INDIA,7.0,0
13,5.0,0.0,21.0,16.0,36.0,58.33,0.0,0.0,2.0,2010,2013,4,INDIA,4.2,0
5,4.0,0.0,21.0,18.0,23.0,91.3,0.0,0.0,2.0,2018,2019,2,NEPAL,5.25,0
5,2.0,0.0,21.0,17.0,38.0,55.26,0.0,0.0,0.0,2009,2009,1,CAN,10.5,0
12,6.0,4.0,21.0,8.0,62.0,33.87,0.0,0.0,0.0,1988,1992,5,SL,3.5,0
2,2.0,0.0,21.0,20.0,48.0,43.75,0.0,0.0,0.0,2007,2007,1,CAN,10.5,0
2,1.0,0.0,21.0,21.0,18.0,116.66,0.0,0.0,0.0,2019,2019,1,WI,21.0,1
6,5.0,2.0,21.0,13.0,39.0,53.84,0.0,0.0,0.0,1984,1984,1,NZ,4.2,0
22,14.0,8.0,21.0,7.0,40.0,52.5,0.0,0.0,5.0,2013,2015,3,SCOT,1.5,0
6,4.0,0.0,21.0,9.0,46.0,45.65,0.0,0.0,1.0,1972,1976,5,ENG,5.25,0
39,11.0,7.0,20.0,6.0,34.0,58.82,0.0,0.0,1.0,1986,1988,3,AUS,1.8181818181818181,0
3,3.0,1.0,20.0,11.0,26.0,76.92,0.0,0.0,0.0,1992,1992,1,SA,6.666666666666667,0
4,3.0,1.0,20.0,18.0,31.0,64.51,0.0,0.0,1.0,1994,1994,1,ENG,6.666666666666667,0
2,2.0,0.0,20.0,20.0,19.0,105.26,0.0,0.0,1.0,2004,2004,1,USA,10.0,0
4,2.0,0.0,20.0,13.0,51.0,39.21,0.0,0.0,0.0,2007,2010,4,NL,10.0,0
3,3.0,0.0,20.0,15.0,68.0,29.41,0.0,0.0,1.0,1979,1979,1,CAN,6.666666666666667,0
9,4.0,2.0,20.0,10.0,43.0,46.51,0.0,0.0,0.0,1999,2001,3,ZIM,5.0,0
3,3.0,0.0,20.0,7.0,45.0,44.44,0.0,0.0,0.0,2018,2018,1,BDESH,6.666666666666667,0
3,3.0,0.0,20.0,17.0,89.0,22.47,0.0,0.0,1.0,1999,1999,1,SCOT,6.666666666666667,0
3,3.0,0.0,20.0,12.0,28.0,71.42,0.0,0.0,1.0,2007,2007,1,BMUDA,6.666666666666667,0
3,3.0,0.0,20.0,14.0,129.0,15.5,0.0,0.0,0.0,1981,1987,7,PAK,6.666666666666667,0
3,3.0,0.0,20.0,13.0,60.0,33.33,0.0,0.0,1.0,2003,2003,1,CAN,6.666666666666667,0
2,2.0,0.0,20.0,14.0,39.0,51.28,0.0,0.0,0.0,1976,1976,1,INDIA,10.0,0
1,1.0,1.0,20.0,20.0,43.0,46.51,0.0,0.0,0.0,1978,1978,1,WI,20.0,0
2,2.0,0.0,20.0,10.0,30.0,66.66,0.0,0.0,0.0,2015,2015,1,UAE,10.0,0
26,12.0,5.0,20.0,8.0,55.0,36.36,0.0,0.0,4.0,1988,1992,5,SL,1.6666666666666667,0
13,6.0,2.0,20.0,11.0,32.0,62.5,0.0,0.0,2.0,2014,2017,4,IRE,3.3333333333333335,0
11,5.0,3.0,19.0,11.0,15.0,126.66,0.0,0.0,1.0,2019,2019,1,AUS,3.8,0
58,13.0,8.0,19.0,10.0,43.0,44.18,0.0,0.0,4.0,2016,2019,4,INDIA,1.4615384615384615,0
24,8.0,1.0,19.0,5.0,39.0,48.71,0.0,0.0,1.0,2011,2013,3,ENG,2.375,0
3,2.0,1.0,19.0,19.0,36.0,52.77,0.0,0.0,0.0,1996,1996,1,NL,9.5,1
1,1.0,0.0,19.0,19.0,41.0,46.34,0.0,0.0,0.0,1973,1973,1,WI,19.0,1
1,1.0,0.0,19.0,19.0,20.0,95.0,0.0,0.0,0.0,2019,2019,1,NEPAL,19.0,1
8,3.0,0.0,19.0,8.0,27.0,70.37,0.0,0.0,0.0,1999,2000,2,INDIA,6.333333333333333,0
1,1.0,0.0,19.0,19.0,22.0,86.36,0.0,0.0,0.0,1987,1987,1,ZIM,19.0,1
7,4.0,1.0,19.0,10.0,26.0,73.07,0.0,0.0,0.0,2012,2017,6,WI,4.75,0
3,3.0,1.0,19.0,16.0,59.0,32.2,0.0,0.0,0.0,1975,1975,1,SL,6.333333333333333,0
3,2.0,0.0,19.0,16.0,31.0,61.29,0.0,0.0,0.0,2008,2008,1,CAN,9.5,0
5,5.0,0.0,19.0,13.0,85.0,22.35,0.0,0.0,0.0,1999,1999,1,SCOT,3.8,0
3,1.0,0.0,19.0,19.0,24.0,79.16,0.0,0.0,0.0,2017,2018,2,BDESH,19.0,1
2,2.0,1.0,19.0,17.0,23.0,82.6,0.0,0.0,0.0,2019,2019,1,NAM,9.5,1
13,5.0,3.0,19.0,9.0,28.0,67.85,0.0,0.0,1.0,2004,2005,2,ENG,3.8,0
8,5.0,4.0,19.0,16.0,27.0,70.37,0.0,0.0,0.0,2017,2018,2,WI,3.8,1
2,2.0,0.0,18.0,15.0,16.0,112.5,0.0,0.0,0.0,2011,2011,1,ENG,9.0,0
3,2.0,1.0,18.0,12.0,22.0,81.81,0.0,0.0,0.0,2018,2019,2,INDIA,9.0,1
19,6.0,4.0,18.0,8.0,38.0,47.36,0.0,0.0,0.0,1977,1981,5,WI,3.0,0
9,5.0,2.0,18.0,11.0,26.0,69.23,0.0,0.0,1.0,1973,1975,3,NZ,3.6,0
1,1.0,1.0,18.0,18.0,28.0,64.28,0.0,0.0,0.0,2003,2003,1,BDESH,18.0,0
3,3.0,0.0,18.0,9.0,42.0,42.85,0.0,0.0,1.0,2007,2007,1,ZIM,6.0,0
2,2.0,0.0,18.0,12.0,47.0,38.29,0.0,0.0,0.0,2019,2019,1,OMAN,9.0,0
13,5.0,2.0,18.0,8.0,16.0,112.5,0.0,0.0,0.0,2001,2005,5,WI,3.6,0
2,2.0,0.0,18.0,14.0,16.0,112.5,0.0,0.0,0.0,2008,2008,1,HKG,9.0,0
1,1.0,0.0,18.0,18.0,39.0,46.15,0.0,0.0,0.0,1980,1980,1,PAK,18.0,1
3,2.0,0.0,18.0,13.0,19.0,94.73,0.0,0.0,0.0,1999,1999,1,INDIA,9.0,0
2,2.0,0.0,18.0,11.0,42.0,42.85,0.0,0.0,0.0,2019,2019,1,UAE,9.0,0
2,2.0,0.0,18.0,13.0,43.0,41.86,0.0,0.0,0.0,2004,2004,1,UAE,9.0,0
2,1.0,0.0,18.0,18.0,12.0,150.0,0.0,0.0,0.0,2011,2011,1,PAK,18.0,1
1,1.0,0.0,18.0,18.0,41.0,43.9,0.0,0.0,0.0,2011,2011,1,CAN,18.0,1
8,3.0,2.0,18.0,12.0,48.0,37.5,0.0,0.0,1.0,1982,1985,4,SL,6.0,1
16,6.0,3.0,18.0,11.0,30.0,60.0,0.0,0.0,2.0,1985,1989,5,PAK,3.0,0
31,11.0,6.0,17.0,7.0,56.0,30.35,0.0,0.0,2.0,1997,2000,4,NZ,1.5454545454545454,0
2,2.0,0.0,17.0,15.0,29.0,58.62,0.0,0.0,0.0,2018,2018,1,ENG,8.5,0
3,2.0,1.0,17.0,14.0,27.0,62.96,0.0,0.0,0.0,1999,2001,3,SL,8.5,1
2,2.0,1.0,17.0,10.0,14.0,121.42,0.0,0.0,0.0,2011,2011,1,KENYA,8.5,1
26,6.0,2.0,17.0,7.0,30.0,56.66,0.0,0.0,1.0,2001,2006,6,ENG,2.8333333333333335,0
2,2.0,0.0,17.0,16.0,59.0,28.81,0.0,0.0,0.0,2004,2004,1,HKG,8.5,0
4,2.0,0.0,17.0,10.0,45.0,37.77,0.0,0.0,0.0,1973,1976,4,PAK,8.5,0
3,2.0,0.0,17.0,16.0,52.0,32.69,0.0,0.0,0.0,1996,1996,1,KENYA,8.5,0
2,1.0,0.0,17.0,17.0,42.0,40.47,0.0,0.0,0.0,1982,1982,1,SL,17.0,1
6,4.0,2.0,17.0,8.0,42.0,40.47,0.0,0.0,1.0,2000,2001,2,WI,4.25,0
7,4.0,3.0,17.0,8.0,15.0,113.33,0.0,0.0,0.0,1996,1996,1,NZ,4.25,1
13,6.0,3.0,17.0,7.0,45.0,37.77,0.0,0.0,0.0,2017,2019,3,SL,2.8333333333333335,0
10,3.0,2.0,17.0,8.0,24.0,70.83,0.0,0.0,0.0,1971,1975,5,ENG,5.666666666666667,1
2,2.0,1.0,17.0,9.0,38.0,44.73,0.0,0.0,0.0,2019,2019,1,SL,8.5,1
2,2.0,0.0,17.0,12.0,65.0,26.15,0.0,0.0,0.0,1986,1986,1,BDESH,8.5,0
7,4.0,0.0,17.0,12.0,34.0,50.0,0.0,0.0,1.0,1996,2001,6,ENG,4.25,0
1,1.0,1.0,16.0,16.0,26.0,61.53,0.0,0.0,0.0,2000,2000,1,SA,16.0,0
2,2.0,1.0,16.0,12.0,46.0,34.78,0.0,0.0,0.0,1976,1978,3,NZ,8.0,0
1,1.0,0.0,16.0,16.0,38.0,42.1,0.0,0.0,0.0,2004,2004,1,USA,16.0,0
7,4.0,4.0,16.0,10.0,29.0,55.17,0.0,0.0,0.0,2014,2015,2,UAE,4.0,0
4,3.0,0.0,16.0,9.0,45.0,35.55,0.0,0.0,1.0,2003,2006,4,CAN,5.333333333333333,0
5,4.0,2.0,16.0,8.0,62.0,25.8,0.0,0.0,1.0,1986,1990,5,BDESH,4.0,0
10,4.0,1.0,16.0,10.0,20.0,80.0,0.0,0.0,1.0,2003,2003,1,ENG,4.0,0
1,1.0,1.0,16.0,16.0,48.0,33.33,0.0,0.0,0.0,2004,2004,1,HKG,16.0,0
7,5.0,2.0,16.0,9.0,27.0,59.25,0.0,0.0,1.0,2010,2011,2,NL,3.2,0
3,1.0,1.0,16.0,16.0,24.0,66.66,0.0,0.0,0.0,1972,1972,1,AUS,16.0,0
18,15.0,7.0,16.0,7.0,89.0,17.97,0.0,0.0,5.0,2018,2018,1,ZIM,1.0666666666666667,0
2,2.0,1.0,16.0,16.0,38.0,42.1,0.0,0.0,1.0,1977,1977,1,AUS,8.0,0
4,4.0,0.0,16.0,8.0,68.0,23.52,0.0,0.0,1.0,2010,2010,1,KENYA,4.0,0
1,1.0,0.0,16.0,16.0,24.0,66.66,0.0,0.0,0.0,1976,1976,1,NZ,16.0,0
2,2.0,0.0,16.0,9.0,29.0,55.17,0.0,0.0,0.0,2008,2014,7,UAE,8.0,0
2,2.0,0.0,16.0,9.0,32.0,50.0,0.0,0.0,0.0,2019,2019,1,INDIA,8.0,0
11,5.0,0.0,16.0,7.0,36.0,44.44,0.0,0.0,0.0,2016,2018,3,SCOT,3.2,0
2,2.0,0.0,16.0,9.0,63.0,25.39,0.0,0.0,0.0,1996,1996,1,INDIA,8.0,0
9,6.0,1.0,16.0,6.0,30.0,53.33,0.0,0.0,2.0,2010,2019,10,USA,2.6666666666666665,0
13,7.0,3.0,16.0,14.0,31.0,51.61,0.0,0.0,3.0,2016,2019,4,SCOT,2.2857142857142856,0
13,6.0,1.0,15.0,8.0,25.0,60.0,0.0,0.0,2.0,1982,1985,4,ENG,2.5,0
8,3.0,1.0,15.0,9.0,26.0,57.69,0.0,0.0,0.0,1986,1988,3,SL,5.0,0
2,2.0,1.0,15.0,12.0,51.0,29.41,0.0,0.0,0.0,2017,2017,1,WI,7.5,0
10,6.0,4.0,15.0,6.0,33.0,45.45,0.0,0.0,0.0,2014,2014,1,ENG,2.5,0
1,1.0,1.0,15.0,15.0,28.0,53.57,0.0,0.0,0.0,1972,1972,1,AUS,15.0,0
11,8.0,2.0,15.0,7.0,63.0,23.8,0.0,0.0,3.0,2006,2006,1,ZIM,1.875,0
1,1.0,1.0,15.0,15.0,26.0,57.69,0.0,0.0,0.0,2008,2008,1,BMUDA,15.0,0
1,1.0,0.0,15.0,15.0,16.0,93.75,0.0,0.0,0.0,2000,2000,1,PAK,15.0,0
6,1.0,0.0,15.0,15.0,25.0,60.0,0.0,0.0,0.0,2007,2008,2,IRE,15.0,0
3,3.0,0.0,15.0,14.0,69.0,21.73,0.0,0.0,1.0,1975,1975,1,ENG,5.0,0
2,2.0,0.0,15.0,10.0,24.0,62.5,0.0,0.0,0.0,1990,1990,1,PAK,7.5,0
11,4.0,2.0,15.0,7.0,22.0,68.18,0.0,0.0,0.0,1996,2002,7,PAK,3.75,0
4,2.0,2.0,15.0,15.0,11.0,136.36,0.0,0.0,0.0,2017,2017,1,IRE,7.5,0
2,2.0,0.0,15.0,11.0,29.0,51.72,0.0,0.0,0.0,2017,2017,1,SL,7.5,0
4,4.0,0.0,15.0,13.0,55.0,27.27,0.0,0.0,2.0,1986,1990,5,BDESH,3.75,0
4,4.0,0.0,15.0,11.0,56.0,26.78,0.0,0.0,0.0,2013,2013,1,NZ,3.75,0
2,2.0,0.0,15.0,11.0,46.0,32.6,0.0,0.0,0.0,1995,1995,1,BDESH,7.5,0
2,2.0,1.0,15.0,10.0,40.0,37.5,0.0,0.0,0.0,1986,1990,5,ENG,7.5,0
1,1.0,1.0,15.0,15.0,40.0,37.5,0.0,0.0,0.0,2008,2008,1,NL,15.0,0
3,3.0,0.0,15.0,8.0,77.0,19.48,0.0,0.0,0.0,1979,1979,1,CAN,5.0,0
20,10.0,9.0,15.0,5.0,31.0,48.38,0.0,0.0,0.0,1990,1997,8,ENG,1.5,0
4,2.0,0.0,15.0,12.0,12.0,125.0,0.0,0.0,0.0,1995,1996,2,INDIA,7.5,0
9,6.0,2.0,15.0,8.0,25.0,60.0,0.0,0.0,2.0,2010,2011,2,IRE,2.5,0
1,1.0,0.0,15.0,15.0,10.0,150.0,0.0,0.0,0.0,1995,1995,1,ENG,15.0,0
1,1.0,0.0,15.0,15.0,15.0,100.0,0.0,0.0,0.0,2015,2015,1,PAK,15.0,0
12,5.0,5.0,14.0,10.0,27.0,51.85,0.0,0.0,0.0,2011,2014,4,NL,2.8,0
2,2.0,0.0,14.0,14.0,53.0,26.41,0.0,0.0,1.0,2004,2004,1,UAE,7.0,0
2,2.0,0.0,14.0,14.0,34.0,41.17,0.0,0.0,1.0,1998,1998,1,PAK,7.0,0
2,2.0,0.0,14.0,14.0,48.0,29.16,0.0,0.0,1.0,2008,2008,1,UAE,7.0,0
1,1.0,0.0,14.0,14.0,26.0,53.84,0.0,0.0,0.0,1980,1980,1,ENG,14.0,0
1,1.0,0.0,14.0,14.0,7.0,200.0,0.0,0.0,0.0,2006,2006,1,ENG,14.0,0
3,2.0,0.0,14.0,10.0,17.0,82.35,0.0,0.0,0.0,2016,2018,3,ENG,7.0,0
2,2.0,0.0,14.0,13.0,35.0,40.0,0.0,0.0,0.0,2006,2006,1,CAN,7.0,0
1,1.0,1.0,14.0,14.0,15.0,93.33,0.0,0.0,0.0,1992,1992,1,ZIM,14.0,0
10,6.0,6.0,14.0,7.0,31.0,45.16,0.0,0.0,0.0,2006,2009,4,BMUDA,2.3333333333333335,0
4,4.0,1.0,14.0,7.0,26.0,53.84,0.0,0.0,1.0,2017,2017,1,SL,3.5,0
9,3.0,1.0,14.0,8.0,36.0,38.88,0.0,0.0,1.0,1971,1975,5,AUS,4.666666666666667,0
23,9.0,7.0,14.0,7.0,34.0,41.17,0.0,0.0,1.0,1995,2000,6,PAK,1.5555555555555556,0
6,3.0,2.0,14.0,7.0,25.0,56.0,0.0,0.0,0.0,1990,1990,1,PAK,4.666666666666667,0
9,6.0,1.0,14.0,10.0,30.0,46.66,0.0,0.0,2.0,2017,2018,2,ZIM,2.3333333333333335,0
2,2.0,0.0,14.0,14.0,22.0,63.63,0.0,0.0,1.0,2010,2010,1,ZIM,7.0,0
4,4.0,0.0,14.0,6.0,20.0,70.0,0.0,0.0,1.0,2006,2012,7,CAN,3.5,0
1,1.0,0.0,14.0,14.0,30.0,46.66,0.0,0.0,0.0,1973,1973,1,NZ,14.0,0
4,2.0,1.0,14.0,11.0,22.0,63.63,0.0,0.0,0.0,2011,2011,1,NZ,7.0,0
3,3.0,0.0,14.0,6.0,44.0,31.81,0.0,0.0,0.0,1988,1990,3,BDESH,4.666666666666667,0
9,3.0,2.0,13.0,9.0,20.0,65.0,0.0,0.0,0.0,1993,1995,3,PAK,4.333333333333333,0
2,1.0,0.0,13.0,13.0,16.0,81.25,0.0,0.0,0.0,2019,2019,1,OMAN,13.0,0
14,7.0,3.0,13.0,7.0,22.0,59.09,0.0,0.0,1.0,2019,2019,1,ENG,1.8571428571428572,0
4,2.0,0.0,13.0,11.0,16.0,81.25,0.0,0.0,0.0,2013,2013,1,PAK,6.5,0
10,4.0,2.0,13.0,11.0,23.0,56.52,0.0,0.0,1.0,2008,2009,2,WI,3.25,0
2,1.0,0.0,13.0,13.0,10.0,130.0,0.0,0.0,0.0,2012,2012,1,NZ,13.0,0
2,2.0,0.0,13.0,7.0,44.0,29.54,0.0,0.0,0.0,1987,1987,1,AUS,6.5,0
1,1.0,0.0,13.0,13.0,18.0,72.22,0.0,0.0,0.0,1974,1974,1,INDIA,13.0,0
23,8.0,3.0,13.0,4.0,29.0,44.82,0.0,0.0,3.0,1983,1985,3,ENG,1.625,0
11,6.0,4.0,13.0,7.0,33.0,39.39,0.0,0.0,1.0,1994,1997,4,NZ,2.1666666666666665,0
2,2.0,1.0,13.0,13.0,35.0,37.14,0.0,0.0,0.0,2007,2007,1,WI,6.5,0
3,3.0,1.0,13.0,8.0,13.0,100.0,0.0,0.0,0.0,2016,2016,1,INDIA,4.333333333333333,0
1,1.0,0.0,13.0,13.0,25.0,52.0,0.0,0.0,0.0,1995,1995,1,NZ,13.0,0
9,4.0,0.0,13.0,6.0,32.0,40.62,0.0,0.0,1.0,2003,2004,2,WI,3.25,0
4,3.0,3.0,13.0,9.0,24.0,54.16,0.0,0.0,0.0,2003,2003,1,CAN,4.333333333333333,0
8,2.0,1.0,13.0,7.0,23.0,56.52,0.0,0.0,0.0,2011,2011,1,AUS,6.5,0
5,4.0,1.0,13.0,8.0,52.0,25.0,0.0,0.0,1.0,1994,1996,3,SL,3.25,0
4,4.0,0.0,13.0,12.0,47.0,27.65,0.0,0.0,2.0,2018,2019,2,NEPAL,3.25,0
1,1.0,1.0,13.0,13.0,12.0,108.33,0.0,0.0,0.0,2006,2006,1,CAN,13.0,0
19,10.0,5.0,13.0,6.0,53.0,24.52,0.0,0.0,3.0,2018,2019,2,WI,1.3,0
2,2.0,0.0,13.0,8.0,28.0,46.42,0.0,0.0,0.0,2011,2011,1,PAK,6.5,0
4,2.0,1.0,13.0,11.0,5.0,260.0,0.0,0.0,0.0,2019,2019,1,NAM,6.5,0
2,2.0,2.0,13.0,8.0,46.0,28.26,0.0,0.0,0.0,2015,2015,1,UAE,6.5,0
2,2.0,0.0,12.0,12.0,19.0,63.15,0.0,0.0,1.0,2004,2004,1,UAE,6.0,0
2,2.0,0.0,12.0,7.0,39.0,30.76,0.0,0.0,0.0,2007,2007,1,BMUDA,6.0,0
1,1.0,0.0,12.0,12.0,33.0,36.36,0.0,0.0,0.0,1993,1993,1,ZIM,12.0,0
18,10.0,8.0,12.0,6.0,22.0,54.54,0.0,0.0,2.0,2001,2007,7,PAK,1.2,0
3,3.0,1.0,12.0,11.0,35.0,34.28,0.0,0.0,1.0,1974,1977,4,AUS,4.0,0
12,8.0,3.0,12.0,7.0,36.0,33.33,0.0,0.0,4.0,1993,1994,2,NZ,1.5,0
4,2.0,0.0,12.0,8.0,24.0,50.0,0.0,0.0,0.0,1986,1993,8,SL,6.0,0
3,2.0,1.0,12.0,9.0,13.0,92.3,0.0,0.0,0.0,2016,2016,1,INDIA,6.0,0
10,5.0,1.0,12.0,5.0,19.0,63.15,0.0,0.0,2.0,2005,2009,5,BDESH,2.4,0
21,5.0,1.0,12.0,4.0,28.0,42.85,0.0,0.0,1.0,1998,2002,5,SA,2.4,0
7,6.0,4.0,12.0,6.0,38.0,31.57,0.0,0.0,0.0,1994,1996,3,UAE,2.0,0
1,1.0,0.0,12.0,12.0,23.0,52.17,0.0,0.0,0.0,1995,1995,1,PAK,12.0,0
1,1.0,0.0,12.0,12.0,25.0,48.0,0.0,0.0,0.0,1975,1975,1,AUS,12.0,0
19,10.0,7.0,12.0,4.0,47.0,25.53,0.0,0.0,3.0,2010,2012,3,NZ,1.2,0
1,1.0,0.0,12.0,12.0,41.0,29.26,0.0,0.0,0.0,1975,1975,1,EAf,12.0,0
4,3.0,2.0,12.0,11.0,9.0,133.33,0.0,0.0,1.0,2006,2007,2,IRE,4.0,0
8,7.0,3.0,12.0,5.0,40.0,30.0,0.0,0.0,1.0,2015,2016,2,ZIM,1.7142857142857142,0
2,2.0,0.0,12.0,12.0,31.0,38.7,0.0,0.0,1.0,2004,2004,1,UAE,6.0,0
5,3.0,1.0,12.0,9.0,11.0,109.09,0.0,0.0,1.0,2012,2012,1,NZ,4.0,0
2,2.0,0.0,12.0,12.0,58.0,20.68,0.0,0.0,1.0,2010,2010,1,AFG,6.0,0
2,1.0,0.0,12.0,12.0,18.0,66.66,0.0,0.0,0.0,2013,2013,1,IRE,12.0,0
2,2.0,0.0,12.0,8.0,18.0,66.66,0.0,0.0,0.0,2019,2019,1,NEPAL,6.0,0
2,2.0,0.0,12.0,12.0,14.0,85.71,0.0,0.0,1.0,2018,2018,1,NL,6.0,0
7,3.0,0.0,11.0,7.0,16.0,68.75,0.0,0.0,0.0,2012,2018,7,BDESH,3.6666666666666665,0
1,1.0,0.0,11.0,11.0,19.0,57.89,0.0,0.0,0.0,1999,1999,1,BDESH,11.0,0
3,3.0,0.0,11.0,6.0,96.0,11.45,0.0,0.0,0.0,1999,1999,1,SCOT,3.6666666666666665,0
2,2.0,0.0,11.0,8.0,47.0,23.4,0.0,0.0,0.0,1978,1978,1,PAK,5.5,0
2,2.0,0.0,11.0,9.0,23.0,47.82,0.0,0.0,0.0,2015,2015,1,WI,5.5,0
6,6.0,1.0,11.0,5.0,62.0,17.74,0.0,0.0,2.0,2003,2003,1,NAM,1.8333333333333333,0
2,2.0,0.0,11.0,6.0,20.0,55.0,0.0,0.0,0.0,2003,2003,1,NAM,5.5,0
4,2.0,0.0,11.0,11.0,30.0,36.66,0.0,0.0,1.0,1979,1979,1,AUS,5.5,0
1,1.0,1.0,11.0,11.0,13.0,84.61,0.0,0.0,0.0,1976,1976,1,INDIA,11.0,0
1,1.0,1.0,11.0,11.0,13.0,84.61,0.0,0.0,0.0,1994,1994,1,AUS,11.0,0
3,3.0,2.0,11.0,7.0,23.0,47.82,0.0,0.0,0.0,1988,1988,1,PAK,3.6666666666666665,0
3,2.0,0.0,11.0,6.0,24.0,45.83,0.0,0.0,0.0,1981,1981,1,ENG,5.5,0
4,3.0,0.0,11.0,11.0,39.0,28.2,0.0,0.0,2.0,2019,2019,1,USA,3.6666666666666665,0
2,2.0,1.0,11.0,11.0,13.0,84.61,0.0,0.0,1.0,2018,2018,1,SL,5.5,0
2,2.0,0.0,11.0,7.0,41.0,26.82,0.0,0.0,0.0,1988,1988,1,SL,5.5,0
2,1.0,1.0,11.0,11.0,6.0,183.33,0.0,0.0,0.0,2017,2017,1,NZ,11.0,0
10,5.0,3.0,11.0,5.0,20.0,55.0,0.0,0.0,1.0,1997,1998,2,INDIA,2.2,0
2,1.0,0.0,11.0,11.0,33.0,33.33,0.0,0.0,0.0,1979,1979,1,AUS,11.0,0
2,2.0,0.0,11.0,8.0,26.0,42.3,0.0,0.0,0.0,2017,2017,1,SL,5.5,0
3,2.0,2.0,11.0,8.0,20.0,55.0,0.0,0.0,0.0,1978,1981,4,INDIA,5.5,0
2,2.0,0.0,11.0,7.0,23.0,47.82,0.0,0.0,0.0,2019,2019,1,PAK,5.5,0
11,2.0,0.0,11.0,7.0,24.0,45.83,0.0,0.0,0.0,1985,1987,3,INDIA,5.5,0
2,2.0,0.0,11.0,10.0,24.0,45.83,0.0,0.0,0.0,2004,2004,1,HKG,5.5,0
2,1.0,0.0,11.0,11.0,32.0,34.37,0.0,0.0,0.0,1975,1975,1,ENG,11.0,0
2,2.0,1.0,11.0,11.0,16.0,68.75,0.0,0.0,1.0,1972,1972,1,AUS,5.5,0
2,2.0,0.0,11.0,10.0,35.0,31.42,0.0,0.0,0.0,1999,1999,1,SCOT,5.5,0
2,2.0,2.0,11.0,6.0,20.0,55.0,0.0,0.0,0.0,2008,2008,1,UAE,5.5,0
5,5.0,1.0,10.0,6.0,34.0,29.41,0.0,0.0,1.0,2008,2008,1,ENG,2.0,0
9,7.0,4.0,10.0,4.0,45.0,22.22,0.0,0.0,1.0,2016,2018,3,SL,1.4285714285714286,0
7,3.0,1.0,10.0,6.0,17.0,58.82,0.0,0.0,1.0,1973,1976,4,PAK,3.3333333333333335,0
16,7.0,5.0,10.0,4.0,35.0,28.57,0.0,0.0,1.0,2010,2017,8,NZ,1.4285714285714286,0
3,2.0,1.0,10.0,9.0,20.0,50.0,0.0,0.0,0.0,2001,2002,2,WI,5.0,0
11,3.0,1.0,10.0,5.0,27.0,37.03,0.0,0.0,0.0,2014,2017,4,WI,3.3333333333333335,0
2,1.0,0.0,10.0,10.0,35.0,28.57,0.0,0.0,0.0,1979,1979,1,SL,10.0,0
6,5.0,1.0,10.0,7.0,43.0,23.25,0.0,0.0,3.0,2002,2003,2,NL,2.0,0
2,2.0,2.0,10.0,10.0,11.0,90.9,0.0,0.0,0.0,2008,2009,2,AUS,5.0,0
2,2.0,0.0,10.0,10.0,23.0,43.47,0.0,0.0,1.0,2006,2006,1,INDIA,5.0,0
10,5.0,4.0,10.0,5.0,25.0,40.0,0.0,0.0,0.0,1994,2000,7,PAK,2.0,0
1,1.0,0.0,10.0,10.0,22.0,45.45,0.0,0.0,0.0,2003,2003,1,INDIA,10.0,0
2,2.0,0.0,10.0,8.0,36.0,27.77,0.0,0.0,0.0,2006,2006,1,SCOT,5.0,0
2,2.0,0.0,10.0,8.0,41.0,24.39,0.0,0.0,0.0,1979,1979,1,CAN,5.0,0
9,6.0,5.0,10.0,4.0,29.0,34.48,0.0,0.0,0.0,2011,2011,1,WI,1.6666666666666667,0
3,3.0,0.0,10.0,10.0,43.0,23.25,0.0,0.0,2.0,1999,1999,1,SCOT,3.3333333333333335,0
32,11.0,5.0,10.0,2.0,29.0,34.48,0.0,0.0,0.0,1999,2005,7,PAK,0.9090909090909091,0
1,1.0,0.0,10.0,10.0,6.0,166.66,0.0,0.0,0.0,1998,1998,1,BDESH,10.0,0
2,1.0,0.0,10.0,10.0,6.0,166.66,0.0,0.0,0.0,2016,2016,1,SCOT,10.0,0
2,2.0,0.0,10.0,6.0,35.0,28.57,0.0,0.0,0.0,1980,1981,2,INDIA,5.0,0
2,2.0,0.0,10.0,10.0,45.0,22.22,0.0,0.0,1.0,1979,1979,1,CAN,5.0,0
5,4.0,2.0,10.0,5.0,16.0,62.5,0.0,0.0,0.0,2009,2009,1,WI,2.5,0
3,1.0,0.0,10.0,10.0,6.0,166.66,0.0,0.0,0.0,2003,2003,1,NZ,10.0,0
3,2.0,1.0,10.0,6.0,17.0,58.82,0.0,0.0,0.0,2000,2000,1,NZ,5.0,0
2,2.0,2.0,10.0,8.0,14.0,71.42,0.0,0.0,0.0,1987,1987,1,AUS,5.0,0
11,3.0,1.0,9.0,5.0,17.0,52.94,0.0,0.0,0.0,2018,2019,2,INDIA,3.0,0
8,4.0,1.0,9.0,6.0,21.0,42.85,0.0,0.0,2.0,1984,1985,2,AUS,2.25,0
14,4.0,1.0,9.0,4.0,22.0,40.9,0.0,0.0,1.0,2016,2016,1,AUS,2.25,0
4,2.0,1.0,9.0,7.0,8.0,112.5,0.0,0.0,0.0,1999,1999,1,NZ,4.5,0
2,2.0,1.0,9.0,8.0,13.0,69.23,0.0,0.0,0.0,2018,2018,1,SCOT,4.5,0
2,1.0,1.0,9.0,9.0,14.0,64.28,0.0,0.0,0.0,2009,2009,1,SCOT,9.0,0
4,2.0,2.0,9.0,8.0,10.0,90.0,0.0,0.0,0.0,1997,1997,1,INDIA,4.5,0
4,2.0,1.0,9.0,7.0,18.0,50.0,0.0,0.0,0.0,1983,1985,3,SL,4.5,0
6,4.0,2.0,9.0,6.0,33.0,27.27,0.0,0.0,1.0,1975,1982,8,SL,2.25,0
15,5.0,2.0,9.0,5.0,20.0,45.0,0.0,0.0,2.0,1980,1982,3,INDIA,1.8,0
5,2.0,2.0,9.0,7.0,22.0,40.9,0.0,0.0,0.0,1999,1999,1,NZ,4.5,0
1,1.0,0.0,9.0,9.0,6.0,150.0,0.0,0.0,0.0,2019,2019,1,INDIA,9.0,0
2,2.0,0.0,9.0,9.0,18.0,50.0,0.0,0.0,1.0,2004,2004,1,UAE,4.5,0
1,1.0,0.0,9.0,9.0,38.0,23.68,0.0,0.0,0.0,2003,2003,1,PAK,9.0,0
1,1.0,1.0,9.0,9.0,44.0,20.45,0.0,0.0,0.0,2018,2018,1,NEPAL,9.0,0
1,1.0,0.0,9.0,9.0,18.0,50.0,0.0,0.0,0.0,1992,1992,1,NZ,9.0,0
19,8.0,4.0,9.0,5.0,16.0,56.25,0.0,0.0,3.0,1997,1999,3,ZIM,1.125,0
2,2.0,1.0,9.0,9.0,20.0,45.0,0.0,0.0,0.0,2004,2004,1,USA,4.5,0
1,1.0,0.0,9.0,9.0,33.0,27.27,0.0,0.0,0.0,2017,2017,1,AFG,9.0,0
4,2.0,0.0,9.0,9.0,8.0,112.5,0.0,0.0,1.0,2019,2019,1,IRE,4.5,0
10,5.0,2.0,9.0,4.0,11.0,81.81,0.0,0.0,1.0,1990,1994,5,ENG,1.8,0
1,1.0,0.0,9.0,9.0,24.0,37.5,0.0,0.0,0.0,2003,2003,1,BDESH,9.0,0
3,3.0,2.0,9.0,8.0,45.0,20.0,0.0,0.0,1.0,1975,1975,1,EAf,3.0,0
4,3.0,2.0,9.0,8.0,21.0,42.85,0.0,0.0,0.0,2016,2019,4,AFG,3.0,0
11,6.0,4.0,9.0,4.0,31.0,29.03,0.0,0.0,0.0,2015,2019,5,UAE,1.5,0
4,4.0,1.0,9.0,8.0,31.0,29.03,0.0,0.0,2.0,1985,1987,3,INDIA,2.25,0
2,2.0,0.0,9.0,8.0,57.0,15.78,0.0,0.0,0.0,2004,2004,1,USA,4.5,0
9,4.0,2.0,9.0,5.0,41.0,21.95,0.0,0.0,0.0,1971,1975,5,ENG,2.25,0
4,1.0,1.0,9.0,9.0,7.0,128.57,0.0,0.0,0.0,2018,2018,1,ENG,9.0,0
3,2.0,1.0,9.0,6.0,15.0,60.0,0.0,0.0,0.0,2000,2000,1,NZ,4.5,0
3,2.0,1.0,9.0,6.0,11.0,81.81,0.0,0.0,0.0,2002,2002,1,ENG,4.5,0
2,2.0,0.0,9.0,5.0,15.0,60.0,0.0,0.0,0.0,2009,2009,1,SA,4.5,0
2,2.0,1.0,9.0,7.0,31.0,29.03,0.0,0.0,0.0,2011,2011,1,CAN,4.5,0
9,3.0,2.0,8.0,6.0,15.0,53.33,0.0,0.0,1.0,2011,2014,4,INDIA,2.6666666666666665,0
1,1.0,0.0,8.0,8.0,8.0,100.0,0.0,0.0,0.0,2015,2015,1,1,8.0,0
1,1.0,0.0,8.0,8.0,13.0,61.53,0.0,0.0,0.0,1978,1978,1,WI,8.0,0
4,3.0,2.0,8.0,8.0,24.0,33.33,0.0,0.0,1.0,1994,1994,1,WI,2.6666666666666665,0
2,2.0,1.0,8.0,5.0,6.0,133.33,0.0,0.0,0.0,2018,2018,1,SA,4.0,0
2,2.0,0.0,8.0,7.0,24.0,33.33,0.0,0.0,0.0,2013,2013,1,SA,4.0,0
13,8.0,5.0,8.0,3.0,55.0,14.54,0.0,0.0,2.0,2010,2014,5,CAN,1.0,0
6,2.0,1.0,8.0,8.0,32.0,25.0,0.0,0.0,0.0,1994,1995,2,WI,4.0,0
1,1.0,0.0,8.0,8.0,8.0,100.0,0.0,0.0,0.0,1996,1996,1,INDIA,8.0,0
1,1.0,0.0,8.0,8.0,6.0,133.33,0.0,0.0,0.0,1989,1989,1,SL,8.0,0
4,2.0,2.0,8.0,7.0,9.0,88.88,0.0,0.0,0.0,1995,1995,1,SL,4.0,0
9,3.0,2.0,8.0,4.0,16.0,50.0,0.0,0.0,0.0,1986,1990,5,BDESH,2.6666666666666665,0
2,1.0,0.0,8.0,8.0,24.0,33.33,0.0,0.0,0.0,1986,1986,1,BDESH,8.0,0
18,7.0,3.0,8.0,4.0,29.0,27.58,0.0,0.0,2.0,1988,1992,5,INDIA,1.1428571428571428,0
2,2.0,0.0,8.0,4.0,28.0,28.57,0.0,0.0,0.0,2008,2008,1,HKG,4.0,0
8,3.0,2.0,8.0,5.0,20.0,40.0,0.0,0.0,0.0,1996,1996,1,ZIM,2.6666666666666665,0
3,3.0,0.0,8.0,6.0,32.0,25.0,0.0,0.0,1.0,1988,1988,1,ENG,2.6666666666666665,0
20,7.0,2.0,8.0,3.0,27.0,29.62,0.0,0.0,2.0,2001,2008,8,NZ,1.1428571428571428,0
7,5.0,3.0,8.0,5.0,33.0,24.24,0.0,0.0,1.0,1996,1997,2,ZIM,1.6,0
2,2.0,0.0,8.0,6.0,16.0,50.0,0.0,0.0,0.0,2018,2018,1,AUS,4.0,0
4,1.0,0.0,8.0,8.0,18.0,44.44,0.0,0.0,0.0,2019,2019,1,SA,8.0,0
19,7.0,2.0,8.0,4.0,18.0,44.44,0.0,0.0,4.0,1999,2007,9,SL,1.1428571428571428,0
14,7.0,4.0,8.0,6.0,37.0,21.62,0.0,0.0,2.0,2012,2016,5,PAK,1.1428571428571428,0
2,2.0,0.0,8.0,8.0,14.0,57.14,0.0,0.0,1.0,1998,1998,1,INDIA,4.0,0
2,2.0,0.0,8.0,6.0,17.0,47.05,0.0,0.0,0.0,2004,2004,1,USA,4.0,0
10,2.0,0.0,8.0,8.0,11.0,72.72,0.0,0.0,1.0,1998,1998,1,INDIA,4.0,0
2,1.0,0.0,8.0,8.0,13.0,61.53,0.0,0.0,0.0,2006,2006,1,INDIA,8.0,0
2,2.0,1.0,8.0,6.0,14.0,57.14,0.0,0.0,0.0,1994,1994,1,UAE,4.0,0
1,1.0,0.0,8.0,8.0,12.0,66.66,0.0,0.0,0.0,1976,1976,1,ENG,8.0,0
1,1.0,0.0,8.0,8.0,17.0,47.05,0.0,0.0,0.0,1985,1985,1,SL,8.0,0
7,2.0,1.0,8.0,7.0,11.0,72.72,0.0,0.0,0.0,1999,2000,2,SA,4.0,0
4,2.0,2.0,7.0,6.0,3.0,233.33,0.0,0.0,0.0,2019,2019,1,USA,3.5,0
9,3.0,3.0,7.0,6.0,28.0,25.0,0.0,0.0,0.0,1996,1997,2,KENYA,2.3333333333333335,0
4,1.0,1.0,7.0,7.0,10.0,70.0,0.0,0.0,0.0,2019,2019,1,IRE,7.0,0
6,2.0,1.0,7.0,5.0,20.0,35.0,0.0,0.0,0.0,1992,1992,1,ZIM,3.5,0
2,1.0,0.0,7.0,7.0,8.0,87.5,0.0,0.0,0.0,1998,2001,4,PAK,7.0,0
4,2.0,0.0,7.0,7.0,9.0,77.77,0.0,0.0,1.0,2001,2006,6,SL,3.5,0
2,2.0,0.0,7.0,6.0,45.0,15.55,0.0,0.0,0.0,2013,2013,1,KENYA,3.5,0
5,4.0,2.0,7.0,4.0,28.0,25.0,0.0,0.0,0.0,2012,2014,3,CAN,1.75,0
2,1.0,1.0,7.0,7.0,19.0,36.84,0.0,0.0,0.0,1983,1983,1,ZIM,7.0,0
8,4.0,4.0,7.0,3.0,19.0,36.84,0.0,0.0,0.0,1975,1979,5,AUS,1.75,0
5,3.0,1.0,7.0,6.0,27.0,25.92,0.0,0.0,1.0,2010,2015,6,AFG,2.3333333333333335,0
2,2.0,0.0,7.0,6.0,8.0,87.5,0.0,0.0,0.0,1994,1995,2,SA,3.5,0
2,1.0,1.0,7.0,7.0,16.0,43.75,0.0,0.0,0.0,1990,1990,1,BDESH,7.0,0
7,2.0,1.0,7.0,4.0,12.0,58.33,0.0,0.0,0.0,2002,2003,2,SL,3.5,0
3,1.0,0.0,7.0,7.0,31.0,22.58,0.0,0.0,0.0,1977,1978,2,PAK,7.0,0
1,1.0,0.0,7.0,7.0,6.0,116.66,0.0,0.0,0.0,2018,2018,1,SL,7.0,0
4,1.0,0.0,7.0,7.0,6.0,116.66,0.0,0.0,0.0,2009,2009,1,AUS,7.0,0
3,1.0,1.0,7.0,7.0,5.0,140.0,0.0,0.0,0.0,1996,1998,3,INDIA,7.0,0
9,6.0,2.0,7.0,2.0,15.0,46.66,0.0,0.0,2.0,1990,1991,2,WI,1.1666666666666667,0
1,1.0,0.0,7.0,7.0,16.0,43.75,0.0,0.0,0.0,1979,1979,1,AUS,7.0,0
5,1.0,0.0,7.0,7.0,13.0,53.84,0.0,0.0,0.0,2018,2018,1,BDESH,7.0,0
3,1.0,1.0,7.0,7.0,19.0,36.84,0.0,0.0,0.0,2009,2010,2,SL,7.0,0
2,1.0,0.0,7.0,7.0,12.0,58.33,0.0,0.0,0.0,2019,2019,1,WI,7.0,0
4,2.0,1.0,7.0,5.0,12.0,58.33,0.0,0.0,0.0,1993,1994,2,ENG,3.5,0
5,3.0,2.0,7.0,6.0,21.0,33.33,0.0,0.0,0.0,2019,2019,1,NAM,2.3333333333333335,0
1,1.0,0.0,7.0,7.0,19.0,36.84,0.0,0.0,0.0,1971,1971,1,ENG,7.0,0
1,1.0,0.0,7.0,7.0,13.0,53.84,0.0,0.0,0.0,2008,2008,1,UAE,7.0,0
3,3.0,0.0,7.0,7.0,50.0,14.0,0.0,0.0,2.0,2003,2009,7,NL,2.3333333333333335,0
10,5.0,4.0,7.0,6.0,40.0,17.5,0.0,0.0,0.0,2015,2016,2,ENG,1.4,0
3,3.0,2.0,7.0,5.0,27.0,25.92,0.0,0.0,1.0,1996,2002,7,NL,2.3333333333333335,0
5,4.0,2.0,7.0,3.0,17.0,41.17,0.0,0.0,0.0,2017,2019,3,SCOT,1.75,0
3,2.0,2.0,7.0,5.0,11.0,63.63,0.0,0.0,0.0,2002,2002,1,INDIA,3.5,0
8,4.0,4.0,6.0,5.0,9.0,66.66,0.0,0.0,0.0,2007,2008,2,SL,1.5,0
2,1.0,0.0,6.0,6.0,13.0,46.15,0.0,0.0,0.0,1994,1994,1,INDIA,6.0,0
5,3.0,2.0,6.0,3.0,13.0,46.15,0.0,0.0,1.0,1978,1982,5,AUS,2.0,0
12,3.0,1.0,6.0,4.0,19.0,31.57,0.0,0.0,1.0,1989,1990,2,AUS,2.0,0
3,2.0,1.0,6.0,3.0,30.0,20.0,0.0,0.0,0.0,1995,1995,1,INDIA,3.0,0
2,2.0,1.0,6.0,6.0,8.0,75.0,0.0,0.0,1.0,2013,2013,1,ZIM,3.0,0
3,2.0,0.0,6.0,4.0,14.0,42.85,0.0,0.0,0.0,2019,2019,1,UAE,3.0,0
1,1.0,0.0,6.0,6.0,7.0,85.71,0.0,0.0,0.0,2011,2011,1,NL,6.0,0
1,1.0,0.0,6.0,6.0,8.0,75.0,0.0,0.0,0.0,2019,2019,1,WI,6.0,0
6,2.0,2.0,6.0,6.0,25.0,24.0,0.0,0.0,0.0,1991,1994,4,SA,3.0,0
3,3.0,1.0,6.0,5.0,17.0,35.29,0.0,0.0,1.0,2001,2002,2,BDESH,2.0,0
2,2.0,0.0,6.0,6.0,13.0,46.15,0.0,0.0,1.0,2000,2001,2,ENG,3.0,0
3,3.0,0.0,6.0,6.0,56.0,10.71,0.0,0.0,2.0,1975,1975,1,EAf,2.0,0
16,5.0,1.0,6.0,3.0,19.0,31.57,0.0,0.0,1.0,1997,2001,5,INDIA,1.2,0
22,10.0,5.0,6.0,2.0,22.0,27.27,0.0,0.0,3.0,1973,1981,9,ENG,0.6,0
2,2.0,1.0,6.0,5.0,14.0,42.85,0.0,0.0,0.0,1979,1979,1,CAN,3.0,0
1,1.0,0.0,6.0,6.0,13.0,46.15,0.0,0.0,0.0,1976,1976,1,INDIA,6.0,0
2,2.0,0.0,6.0,5.0,19.0,31.57,0.0,0.0,0.0,2009,2009,1,AUS,3.0,0
2,2.0,1.0,6.0,5.0,6.0,100.0,0.0,0.0,0.0,2011,2011,1,KENYA,3.0,0
8,2.0,0.0,6.0,6.0,11.0,54.54,0.0,0.0,1.0,1984,1985,2,INDIA,3.0,0
2,2.0,0.0,6.0,6.0,11.0,54.54,0.0,0.0,1.0,1994,1994,1,SA,3.0,0
3,1.0,0.0,6.0,6.0,9.0,66.66,0.0,0.0,0.0,2019,2019,1,WI,6.0,0
17,4.0,1.0,6.0,6.0,7.0,85.71,0.0,0.0,2.0,2017,2019,3,PAK,1.5,0
3,1.0,1.0,6.0,6.0,10.0,60.0,0.0,0.0,0.0,1983,1983,1,NZ,6.0,0
3,1.0,1.0,6.0,6.0,4.0,150.0,0.0,0.0,0.0,2016,2016,1,AUS,6.0,0
2,2.0,0.0,5.0,4.0,11.0,45.45,0.0,0.0,0.0,2004,2004,1,USA,2.5,0
1,1.0,0.0,5.0,5.0,9.0,55.55,0.0,0.0,0.0,2009,2009,1,WI,5.0,0
1,1.0,0.0,5.0,5.0,13.0,38.46,0.0,0.0,0.0,2008,2008,1,UAE,5.0,0
3,2.0,0.0,5.0,4.0,18.0,27.77,0.0,0.0,0.0,1971,1973,3,ENG,2.5,0
8,2.0,0.0,5.0,5.0,5.0,100.0,0.0,0.0,1.0,1982,1983,2,PAK,2.5,0
3,1.0,0.0,5.0,5.0,9.0,55.55,0.0,0.0,0.0,2014,2015,2,BDESH,5.0,0
2,2.0,0.0,5.0,3.0,8.0,62.5,0.0,0.0,0.0,2004,2004,1,HKG,2.5,0
2,2.0,0.0,5.0,5.0,10.0,50.0,0.0,0.0,1.0,1975,1975,1,EAf,2.5,0
1,1.0,0.0,5.0,5.0,10.0,50.0,0.0,0.0,0.0,2008,2008,1,PAK,5.0,0
1,1.0,0.0,5.0,5.0,13.0,38.46,0.0,0.0,0.0,1990,1990,1,PAK,5.0,0
1,1.0,0.0,5.0,5.0,18.0,27.77,0.0,0.0,0.0,2017,2017,1,AFG,5.0,0
1,1.0,0.0,5.0,5.0,4.0,125.0,0.0,0.0,0.0,2008,2008,1,PAK,5.0,0
2,2.0,1.0,5.0,4.0,5.0,100.0,0.0,0.0,0.0,1999,1999,1,BDESH,2.5,0
2,2.0,0.0,5.0,3.0,15.0,33.33,0.0,0.0,0.0,1975,1975,1,EAf,2.5,0
3,2.0,2.0,5.0,3.0,20.0,25.0,0.0,0.0,0.0,2019,2019,1,NEPAL,2.5,0
4,3.0,0.0,5.0,2.0,13.0,38.46,0.0,0.0,0.0,1997,2001,5,WI,1.6666666666666667,0
2,1.0,0.0,5.0,5.0,9.0,55.55,0.0,0.0,0.0,1990,1990,1,PAK,5.0,0
16,4.0,2.0,5.0,2.0,24.0,20.83,0.0,0.0,0.0,1985,1987,3,INDIA,1.25,0
5,4.0,0.0,5.0,5.0,9.0,55.55,0.0,0.0,3.0,2003,2003,1,NAM,1.25,0
6,5.0,3.0,5.0,4.0,15.0,33.33,0.0,0.0,2.0,2002,2003,2,BDESH,1.0,0
2,2.0,0.0,5.0,3.0,16.0,31.25,0.0,0.0,0.0,2016,2016,1,BDESH,2.5,0
4,2.0,1.0,5.0,5.0,14.0,35.71,0.0,0.0,0.0,2000,2000,1,SA,2.5,0
2,2.0,0.0,5.0,5.0,12.0,41.66,0.0,0.0,1.0,2007,2007,1,IRE,2.5,0
14,7.0,5.0,4.0,2.0,20.0,20.0,0.0,0.0,2.0,2014,2015,2,BDESH,0.5714285714285714,0
1,1.0,1.0,4.0,4.0,9.0,44.44,0.0,0.0,0.0,2018,2018,1,NEPAL,4.0,0
5,2.0,0.0,4.0,4.0,14.0,28.57,0.0,0.0,1.0,2001,2001,1,WI,2.0,0
1,1.0,0.0,4.0,4.0,3.0,133.33,0.0,0.0,0.0,2008,2008,1,IRE,4.0,0
3,1.0,1.0,4.0,4.0,2.0,200.0,0.0,0.0,0.0,2013,2013,1,AUS,4.0,0
1,1.0,0.0,4.0,4.0,17.0,23.52,0.0,0.0,0.0,2000,2000,1,ENG,4.0,0
9,5.0,3.0,4.0,3.0,27.0,14.81,0.0,0.0,0.0,2014,2017,4,SL,0.8,0
1,1.0,0.0,4.0,4.0,8.0,50.0,0.0,0.0,0.0,1997,1997,1,INDIA,4.0,0
4,1.0,1.0,4.0,4.0,6.0,66.66,0.0,0.0,0.0,2014,2017,4,PNG,4.0,0
4,2.0,1.0,4.0,3.0,19.0,21.05,0.0,0.0,0.0,2019,2019,1,NAM,2.0,0
1,1.0,0.0,4.0,4.0,10.0,40.0,0.0,0.0,0.0,1990,1990,1,INDIA,4.0,0
1,1.0,0.0,4.0,4.0,11.0,36.36,0.0,0.0,0.0,2017,2017,1,AUS,4.0,0
3,3.0,0.0,4.0,3.0,22.0,18.18,0.0,0.0,1.0,1997,1999,3,BDESH,1.3333333333333333,0
7,1.0,1.0,4.0,4.0,4.0,100.0,0.0,0.0,0.0,2005,2006,2,AUS,4.0,0
1,1.0,0.0,4.0,4.0,28.0,14.28,0.0,0.0,0.0,2007,2007,1,BMUDA,4.0,0
4,3.0,3.0,4.0,2.0,16.0,25.0,0.0,0.0,0.0,1980,1984,5,PAK,1.3333333333333333,0
2,2.0,1.0,4.0,4.0,11.0,36.36,0.0,0.0,1.0,1999,1999,1,INDIA,2.0,0
1,1.0,0.0,4.0,4.0,9.0,44.44,0.0,0.0,0.0,1985,1985,1,ENG,4.0,0
3,2.0,0.0,4.0,4.0,10.0,40.0,0.0,0.0,1.0,2018,2018,1,ZIM,2.0,0
4,3.0,1.0,4.0,4.0,14.0,28.57,0.0,0.0,2.0,2003,2003,1,INDIA,1.3333333333333333,0
2,2.0,0.0,4.0,4.0,7.0,57.14,0.0,0.0,1.0,1986,1986,1,BDESH,2.0,0
4,3.0,2.0,4.0,4.0,13.0,30.76,0.0,0.0,1.0,2003,2003,1,CAN,1.3333333333333333,0
1,1.0,0.0,4.0,4.0,12.0,33.33,0.0,0.0,0.0,2007,2007,1,CAN,4.0,0
7,5.0,2.0,4.0,2.0,28.0,14.28,0.0,0.0,1.0,2017,2019,3,AUS,0.8,0
2,2.0,0.0,4.0,4.0,11.0,36.36,0.0,0.0,1.0,2004,2004,1,USA,2.0,0
1,1.0,0.0,4.0,4.0,14.0,28.57,0.0,0.0,0.0,1995,1995,1,SA,4.0,0
1,1.0,0.0,4.0,4.0,14.0,28.57,0.0,0.0,0.0,1976,1976,1,INDIA,4.0,0
1,1.0,0.0,4.0,4.0,11.0,36.36,0.0,0.0,0.0,1975,1975,1,EAf,4.0,0
6,4.0,4.0,4.0,2.0,11.0,36.36,0.0,0.0,0.0,2016,2018,3,HKG,1.0,0
1,1.0,0.0,4.0,4.0,22.0,18.18,0.0,0.0,0.0,2011,2011,1,NL,4.0,0
2,2.0,1.0,4.0,4.0,5.0,80.0,0.0,0.0,0.0,1986,1986,1,AUS,2.0,0
4,2.0,0.0,4.0,2.0,6.0,66.66,0.0,0.0,0.0,2012,2013,2,NL,2.0,0
1,1.0,0.0,4.0,4.0,15.0,26.66,0.0,0.0,0.0,2018,2018,1,NEPAL,4.0,0
4,2.0,0.0,4.0,4.0,23.0,17.39,0.0,0.0,1.0,1994,1994,1,ENG,2.0,0
10,3.0,2.0,4.0,2.0,9.0,44.44,0.0,0.0,0.0,2009,2010,2,SL,1.3333333333333333,0
3,2.0,0.0,4.0,3.0,6.0,66.66,0.0,0.0,0.0,1993,1993,1,SL,2.0,0
11,5.0,2.0,4.0,2.0,13.0,30.76,0.0,0.0,2.0,1997,1998,2,AUS,0.8,0
13,3.0,2.0,4.0,3.0,5.0,80.0,0.0,0.0,1.0,2002,2008,7,SA,1.3333333333333333,0
1,1.0,0.0,3.0,3.0,7.0,42.85,0.0,0.0,0.0,2014,2014,1,AUS,3.0,0
2,1.0,0.0,3.0,3.0,16.0,18.75,0.0,0.0,0.0,2010,2010,1,AFG,3.0,0
1,1.0,0.0,3.0,3.0,11.0,27.27,0.0,0.0,0.0,2019,2019,1,USA,3.0,0
2,1.0,1.0,3.0,3.0,3.0,100.0,0.0,0.0,0.0,2014,2014,1,PNG,3.0,0
1,1.0,1.0,3.0,3.0,4.0,75.0,0.0,0.0,0.0,2011,2011,1,CAN,3.0,0
2,2.0,1.0,3.0,2.0,11.0,27.27,0.0,0.0,0.0,1999,1999,1,SL,1.5,0
5,4.0,3.0,3.0,2.0,14.0,21.42,0.0,0.0,1.0,1999,1999,1,SCOT,0.75,0
3,2.0,1.0,3.0,2.0,10.0,30.0,0.0,0.0,0.0,2003,2003,1,SL,1.5,0
2,2.0,2.0,3.0,2.0,6.0,50.0,0.0,0.0,0.0,2005,2005,1,NZ,1.5,0
1,1.0,0.0,3.0,3.0,29.0,10.34,0.0,0.0,0.0,1985,1985,1,NZ,3.0,0
2,2.0,0.0,3.0,2.0,20.0,15.0,0.0,0.0,0.0,1975,1975,1,SL,1.5,0
2,1.0,1.0,3.0,3.0,2.0,150.0,0.0,0.0,0.0,1997,1997,1,PAK,3.0,0
3,2.0,1.0,3.0,2.0,10.0,30.0,0.0,0.0,0.0,2019,2019,1,UAE,1.5,0
2,2.0,0.0,3.0,3.0,20.0,15.0,0.0,0.0,1.0,2008,2008,1,HKG,1.5,0
1,1.0,0.0,3.0,3.0,8.0,37.5,0.0,0.0,0.0,1999,1999,1,BDESH,3.0,0
1,1.0,0.0,3.0,3.0,18.0,16.66,0.0,0.0,0.0,2002,2002,1,BDESH,3.0,0
1,1.0,1.0,3.0,3.0,2.0,150.0,0.0,0.0,0.0,1995,1995,1,SL,3.0,0
2,2.0,1.0,3.0,2.0,7.0,42.85,0.0,0.0,0.0,2016,2017,2,ZIM,1.5,0
1,1.0,0.0,3.0,3.0,17.0,17.64,0.0,0.0,0.0,1994,1994,1,NZ,3.0,0
4,1.0,0.0,3.0,3.0,19.0,15.78,0.0,0.0,0.0,1981,1982,2,INDIA,3.0,0
10,2.0,2.0,3.0,3.0,11.0,27.27,0.0,0.0,0.0,2008,2009,2,NZ,1.5,0
1,1.0,1.0,3.0,3.0,3.0,100.0,0.0,0.0,0.0,2010,2010,1,INDIA,3.0,0
3,3.0,0.0,3.0,2.0,23.0,13.04,0.0,0.0,1.0,1979,1979,1,CAN,1.0,0
4,2.0,0.0,3.0,3.0,18.0,16.66,0.0,0.0,1.0,2009,2009,1,SCOT,1.5,0
2,1.0,0.0,3.0,3.0,9.0,33.33,0.0,0.0,0.0,1979,1979,1,AUS,3.0,0
3,1.0,1.0,3.0,3.0,6.0,50.0,0.0,0.0,0.0,1992,1993,2,ZIM,3.0,0
2,1.0,0.0,3.0,3.0,11.0,27.27,0.0,0.0,0.0,1973,1973,1,NZ,3.0,0
1,1.0,0.0,3.0,3.0,20.0,15.0,0.0,0.0,0.0,2018,2018,1,NEPAL,3.0,0
1,1.0,0.0,3.0,3.0,28.0,10.71,0.0,0.0,0.0,2007,2007,1,CAN,3.0,0
5,1.0,1.0,3.0,3.0,13.0,23.07,0.0,0.0,0.0,2001,2001,1,WI,3.0,0
1,1.0,0.0,3.0,3.0,7.0,42.85,0.0,0.0,0.0,2015,2015,1,UAE,3.0,0
3,2.0,2.0,3.0,3.0,17.0,17.64,0.0,0.0,0.0,1979,1979,1,CAN,1.5,0
2,2.0,1.0,3.0,3.0,11.0,27.27,0.0,0.0,1.0,1992,1992,1,SA,1.5,0
4,2.0,1.0,3.0,3.0,19.0,15.78,0.0,0.0,1.0,2015,2019,5,AFG,1.5,0
2,2.0,1.0,3.0,3.0,13.0,23.07,0.0,0.0,1.0,1987,1987,1,PAK,1.5,0
1,1.0,1.0,3.0,3.0,13.0,23.07,0.0,0.0,0.0,2009,2009,1,CAN,3.0,0
1,1.0,1.0,3.0,3.0,22.0,13.63,0.0,0.0,0.0,2012,2012,1,AFG,3.0,0
3,1.0,1.0,2.0,2.0,3.0,66.66,0.0,0.0,0.0,1985,1985,1,ENG,2.0,0
1,1.0,0.0,2.0,2.0,10.0,20.0,0.0,0.0,0.0,2009,2009,1,AFG,2.0,0
2,2.0,0.0,2.0,2.0,11.0,18.18,0.0,0.0,1.0,1995,1998,4,BDESH,1.0,0
2,2.0,0.0,2.0,1.0,23.0,8.69,0.0,0.0,0.0,2017,2017,1,AUS,1.0,0
5,1.0,1.0,2.0,2.0,3.0,66.66,0.0,0.0,0.0,2006,2006,1,AUS,2.0,0
4,1.0,0.0,2.0,2.0,8.0,25.0,0.0,0.0,0.0,2006,2006,1,AUS,2.0,0
1,1.0,0.0,2.0,2.0,14.0,14.28,0.0,0.0,0.0,1975,1975,1,AUS,2.0,0
4,4.0,2.0,2.0,1.0,11.0,18.18,0.0,0.0,1.0,2011,2012,2,BDESH,0.5,0
2,2.0,0.0,2.0,2.0,10.0,20.0,0.0,0.0,1.0,2019,2019,1,UAE,1.0,0
5,4.0,0.0,2.0,2.0,14.0,14.28,0.0,0.0,3.0,2006,2007,2,IRE,0.5,0
1,1.0,0.0,2.0,2.0,10.0,20.0,0.0,0.0,0.0,1994,1994,1,SL,2.0,0
1,1.0,0.0,2.0,2.0,8.0,25.0,0.0,0.0,0.0,2019,2019,1,PNG,2.0,0
4,1.0,1.0,2.0,2.0,8.0,25.0,0.0,0.0,0.0,2019,2019,1,SA,2.0,0
3,2.0,1.0,2.0,2.0,7.0,28.57,0.0,0.0,1.0,2007,2008,2,BMUDA,1.0,0
1,1.0,0.0,2.0,2.0,14.0,14.28,0.0,0.0,0.0,2019,2019,1,PAK,2.0,0
1,1.0,0.0,2.0,2.0,9.0,22.22,0.0,0.0,0.0,2019,2019,1,AFG,2.0,0
1,1.0,0.0,2.0,2.0,5.0,40.0,0.0,0.0,0.0,2014,2014,1,UAE,2.0,0
4,2.0,1.0,2.0,2.0,7.0,28.57,0.0,0.0,1.0,2003,2003,1,PAK,1.0,0
2,1.0,0.0,2.0,2.0,2.0,100.0,0.0,0.0,0.0,2013,2013,1,CAN,2.0,0
1,1.0,1.0,2.0,2.0,2.0,100.0,0.0,0.0,0.0,2001,2001,1,PAK,2.0,0
11,2.0,0.0,2.0,1.0,11.0,18.18,0.0,0.0,0.0,2001,2004,4,ENG,1.0,0
1,1.0,0.0,2.0,2.0,2.0,100.0,0.0,0.0,0.0,1984,1984,1,PAK,2.0,0
2,2.0,0.0,2.0,1.0,16.0,12.5,0.0,0.0,0.0,2011,2011,1,ENG,1.0,0
2,2.0,0.0,2.0,1.0,11.0,18.18,0.0,0.0,0.0,2006,2006,1,BMUDA,1.0,0
3,1.0,1.0,2.0,2.0,4.0,50.0,0.0,0.0,0.0,1998,1998,1,BDESH,2.0,0
3,1.0,1.0,2.0,2.0,2.0,100.0,0.0,0.0,0.0,1990,1991,2,INDIA,2.0,0
2,1.0,0.0,2.0,2.0,3.0,66.66,0.0,0.0,0.0,1993,1995,3,PAK,2.0,0
1,1.0,1.0,2.0,2.0,19.0,10.52,0.0,0.0,0.0,2004,2004,1,USA,2.0,0
3,2.0,1.0,2.0,1.0,5.0,40.0,0.0,0.0,0.0,1974,1976,3,NZ,1.0,0
1,1.0,0.0,2.0,2.0,9.0,22.22,0.0,0.0,0.0,2013,2013,1,CAN,2.0,0
3,1.0,1.0,2.0,2.0,3.0,66.66,0.0,0.0,0.0,1980,1983,4,WI,2.0,0
1,1.0,0.0,2.0,2.0,2.0,100.0,0.0,0.0,0.0,2007,2007,1,WI,2.0,0
1,1.0,1.0,2.0,2.0,20.0,10.0,0.0,0.0,0.0,2004,2004,1,UAE,2.0,0
1,1.0,0.0,2.0,2.0,8.0,25.0,0.0,0.0,0.0,2013,2013,1,IRE,2.0,0
3,2.0,0.0,2.0,2.0,21.0,9.52,0.0,0.0,1.0,2008,2008,1,IRE,1.0,0
2,1.0,0.0,2.0,2.0,7.0,28.57,0.0,0.0,0.0,1997,1997,1,WI,2.0,0
4,1.0,1.0,2.0,2.0,3.0,66.66,0.0,0.0,0.0,2007,2007,1,SA,2.0,0
1,1.0,0.0,2.0,2.0,4.0,50.0,0.0,0.0,0.0,1994,1994,1,SL,2.0,0
1,1.0,0.0,2.0,2.0,11.0,18.18,0.0,0.0,0.0,1983,1983,1,SL,2.0,0
1,1.0,0.0,2.0,2.0,6.0,33.33,0.0,0.0,0.0,1980,1980,1,AUS,2.0,0
4,1.0,0.0,2.0,2.0,10.0,20.0,0.0,0.0,0.0,1992,1993,2,SL,2.0,0
1,1.0,0.0,1.0,1.0,13.0,7.69,0.0,0.0,0.0,2004,2004,1,UAE,1.0,0
2,1.0,0.0,1.0,1.0,11.0,9.09,0.0,0.0,0.0,2018,2018,1,BDESH,1.0,0
1,1.0,0.0,1.0,1.0,3.0,33.33,0.0,0.0,0.0,2008,2008,1,UAE,1.0,0
1,1.0,1.0,1.0,1.0,0.0,,0.0,0.0,0.0,1999,1999,1,BDESH,1.0,0
5,1.0,1.0,1.0,1.0,4.0,25.0,0.0,0.0,0.0,1996,1996,1,NL,1.0,0
1,1.0,1.0,1.0,1.0,3.0,33.33,0.0,0.0,0.0,2016,2016,1,SL,1.0,0
4,2.0,1.0,1.0,1.0,7.0,14.28,0.0,0.0,1.0,2019,2019,1,OMAN,0.5,0
2,1.0,1.0,1.0,1.0,1.0,100.0,0.0,0.0,0.0,1977,1978,2,ENG,1.0,0
1,1.0,0.0,1.0,1.0,5.0,20.0,0.0,0.0,0.0,1971,1971,1,ENG,1.0,0
1,1.0,0.0,1.0,1.0,1.0,100.0,0.0,0.0,0.0,1995,1995,1,SL,1.0,0
1,1.0,0.0,1.0,1.0,6.0,16.66,0.0,0.0,0.0,1997,1997,1,AUS,1.0,0
5,2.0,2.0,1.0,1.0,6.0,16.66,0.0,0.0,0.0,2014,2017,4,AFG,0.5,0
6,1.0,0.0,1.0,1.0,3.0,33.33,0.0,0.0,0.0,1984,1986,3,INDIA,1.0,0
1,1.0,0.0,1.0,1.0,23.0,4.34,0.0,0.0,0.0,2013,2013,1,KENYA,1.0,0
4,1.0,1.0,1.0,1.0,3.0,33.33,0.0,0.0,0.0,1992,1992,1,PAK,1.0,0
2,1.0,0.0,1.0,1.0,3.0,33.33,0.0,0.0,0.0,1979,1979,1,SL,1.0,0
8,1.0,0.0,1.0,1.0,2.0,50.0,0.0,0.0,0.0,2004,2005,2,ENG,1.0,0
3,2.0,0.0,1.0,1.0,3.0,33.33,0.0,0.0,1.0,2018,2018,1,INDIA,0.5,0
5,1.0,1.0,1.0,1.0,9.0,11.11,0.0,0.0,0.0,2009,2009,1,AUS,1.0,0
3,2.0,1.0,1.0,1.0,3.0,33.33,0.0,0.0,0.0,2000,2000,1,AUS,0.5,0
1,1.0,0.0,1.0,1.0,6.0,16.66,0.0,0.0,0.0,1995,1995,1,PAK,1.0,0
1,1.0,1.0,1.0,1.0,1.0,100.0,0.0,0.0,0.0,2014,2014,1,IRE,1.0,0
2,2.0,0.0,1.0,1.0,4.0,25.0,0.0,0.0,1.0,2016,2016,1,AUS,0.5,0
11,3.0,0.0,1.0,1.0,17.0,5.88,0.0,0.0,2.0,2006,2010,5,NL,0.3333333333333333,0
2,2.0,0.0,1.0,1.0,20.0,5.0,0.0,0.0,1.0,2003,2003,1,BDESH,0.5,0
2,1.0,1.0,1.0,1.0,1.0,100.0,0.0,0.0,0.0,1999,1999,1,SA,1.0,0
1,1.0,0.0,1.0,1.0,11.0,9.09,0.0,0.0,0.0,2007,2007,1,CAN,1.0,0
3,2.0,0.0,1.0,1.0,11.0,9.09,0.0,0.0,1.0,2002,2004,3,ZIM,0.5,0
1,1.0,0.0,1.0,1.0,2.0,50.0,0.0,0.0,0.0,2009,2009,1,AUS,1.0,0
1,1.0,0.0,1.0,1.0,8.0,12.5,0.0,0.0,0.0,1973,1973,1,PAK,1.0,0
1,1.0,0.0,1.0,1.0,7.0,14.28,0.0,0.0,0.0,2010,2010,1,INDIA,1.0,0
4,1.0,0.0,1.0,1.0,2.0,50.0,0.0,0.0,0.0,2009,2009,1,ENG,1.0,0
2,2.0,1.0,1.0,1.0,4.0,25.0,0.0,0.0,1.0,2006,2006,1,KENYA,0.5,0
1,1.0,0.0,1.0,1.0,6.0,16.66,0.0,0.0,0.0,2015,2015,1,UAE,1.0,0
1,1.0,0.0,1.0,1.0,9.0,11.11,0.0,0.0,0.0,2005,2005,1,WI,1.0,0
2,1.0,1.0,1.0,1.0,2.0,50.0,0.0,0.0,0.0,1990,1990,1,NZ,1.0,0
2,2.0,0.0,1.0,1.0,7.0,14.28,0.0,0.0,1.0,2004,2004,1,USA,0.5,0
4,1.0,0.0,1.0,1.0,2.0,50.0,0.0,0.0,0.0,2011,2012,2,INDIA,1.0,0
1,1.0,1.0,1.0,1.0,1.0,100.0,0.0,0.0,0.0,1995,1995,1,SL,1.0,0
3,1.0,0.0,1.0,1.0,7.0,14.28,0.0,0.0,0.0,1997,1997,1,AUS,1.0,0
1,1.0,1.0,1.0,1.0,9.0,11.11,0.0,0.0,0.0,2016,2016,1,BDESH,1.0,0
1,1.0,0.0,1.0,1.0,8.0,12.5,0.0,0.0,0.0,1993,1993,1,ENG,1.0,0
2,1.0,1.0,1.0,1.0,6.0,16.66,0.0,0.0,0.0,1986,1986,1,ENG,1.0,0
3,3.0,2.0,1.0,1.0,7.0,14.28,0.0,0.0,1.0,1986,1987,2,ENG,0.3333333333333333,0
4,1.0,1.0,1.0,1.0,2.0,50.0,0.0,0.0,0.0,2009,2010,2,INDIA,1.0,0
6,3.0,3.0,1.0,1.0,11.0,9.09,0.0,0.0,0.0,1990,1993,4,SL,0.3333333333333333,0
4,3.0,1.0,1.0,1.0,6.0,16.66,0.0,0.0,2.0,2011,2011,1,NL,0.3333333333333333,0
1,1.0,1.0,1.0,1.0,1.0,100.0,0.0,0.0,0.0,2016,2016,1,INDIA,1.0,0
7,2.0,2.0,1.0,1.0,16.0,6.25,0.0,0.0,0.0,1986,1987,2,INDIA,0.5,0
6,4.0,2.0,1.0,1.0,12.0,8.33,0.0,0.0,1.0,1980,1981,2,INDIA,0.25,0
2,2.0,0.0,1.0,1.0,7.0,14.28,0.0,0.0,1.0,1975,1975,1,EAf,0.5,0
1,1.0,0.0,0.0,0.0,2.0,0.0,0.0,0.0,1.0,2008,2008,1,UAE,0.0,0
3,1.0,0.0,0.0,0.0,3.0,0.0,0.0,0.0,1.0,1994,1995,2,AUS,0.0,0
1,1.0,1.0,0.0,0.0,8.0,0.0,0.0,0.0,0.0,2002,2002,1,BDESH,0.0,0
1,1.0,0.0,0.0,0.0,6.0,0.0,0.0,0.0,1.0,1979,1979,1,CAN,0.0,0
3,1.0,0.0,0.0,0.0,2.0,0.0,0.0,0.0,1.0,1998,1998,1,SL,0.0,0
2,1.0,0.0,0.0,0.0,6.0,0.0,0.0,0.0,1.0,1994,1995,2,ENG,0.0,0
2,1.0,1.0,0.0,0.0,0.0,,0.0,0.0,0.0,2000,2004,5,INDIA,0.0,0
1,1.0,0.0,0.0,0.0,2.0,0.0,0.0,0.0,1.0,2004,2004,1,USA,0.0,0
1,1.0,1.0,0.0,0.0,4.0,0.0,0.0,0.0,0.0,1978,1978,1,NZ,0.0,0
2,2.0,0.0,0.0,0.0,5.0,0.0,0.0,0.0,2.0,1979,1979,1,CAN,0.0,0
3,1.0,0.0,0.0,0.0,6.0,0.0,0.0,0.0,1.0,2013,2013,1,SCOT,0.0,0
1,1.0,0.0,0.0,0.0,3.0,0.0,0.0,0.0,1.0,2016,2016,1,HKG,0.0,0
5,3.0,0.0,0.0,0.0,7.0,0.0,0.0,0.0,3.0,2008,2015,8,UAE,0.0,0
2,2.0,0.0,0.0,0.0,9.0,0.0,0.0,0.0,2.0,2018,2018,1,BDESH,0.0,0
1,1.0,0.0,0.0,0.0,2.0,0.0,0.0,0.0,1.0,2010,2010,1,SCOT,0.0,0
3,1.0,1.0,0.0,0.0,0.0,,0.0,0.0,0.0,1973,1975,3,WI,0.0,0
2,1.0,0.0,0.0,0.0,8.0,0.0,0.0,0.0,1.0,1985,1985,1,ENG,0.0,0
1,1.0,0.0,0.0,0.0,5.0,0.0,0.0,0.0,1.0,2002,2002,1,NL,0.0,0
6,2.0,0.0,0.0,0.0,2.0,0.0,0.0,0.0,2.0,2019,2019,1,SCOT,0.0,0
2,1.0,0.0,0.0,0.0,9.0,0.0,0.0,0.0,1.0,2002,2002,1,NZ,0.0,0
2,2.0,0.0,0.0,0.0,17.0,0.0,0.0,0.0,2.0,1988,1988,1,BDESH,0.0,0
1,1.0,0.0,0.0,0.0,4.0,0.0,0.0,0.0,1.0,2009,2009,1,AUS,0.0,0
1,1.0,1.0,0.0,0.0,0.0,,0.0,0.0,0.0,2016,2016,1,HKG,0.0,0
3,1.0,0.0,0.0,0.0,2.0,0.0,0.0,0.0,1.0,2019,2019,1,OMAN,0.0,0
1,1.0,0.0,0.0,0.0,1.0,0.0,0.0,0.0,1.0,2015,2015,1,SL,0.0,0
3,2.0,1.0,0.0,0.0,10.0,0.0,0.0,0.0,1.0,2006,2006,1,SA,0.0,0
1,1.0,0.0,0.0,0.0,0.0,,0.0,0.0,1.0,2006,2006,1,ENG,0.0,0
2,1.0,1.0,0.0,0.0,1.0,0.0,0.0,0.0,0.0,2018,2018,1,WI,0.0,0
1,1.0,1.0,0.0,0.0,0.0,,0.0,0.0,0.0,2015,2015,1,NZ,0.0,0
2,1.0,0.0,0.0,0.0,1.0,0.0,0.0,0.0,1.0,2019,2019,1,UAE,0.0,0
5,1.0,1.0,0.0,0.0,3.0,0.0,0.0,0.0,0.0,1990,1990,1,NZ,0.0,0
3,1.0,1.0,0.0,0.0,0.0,,0.0,0.0,0.0,2005,2005,1,PAK,0.0,0
3,1.0,0.0,0.0,0.0,1.0,0.0,0.0,0.0,1.0,2014,2014,1,PAK,0.0,0
7,1.0,1.0,0.0,0.0,2.0,0.0,0.0,0.0,0.0,2006,2008,3,WI,0.0,0
1,1.0,1.0,0.0,0.0,8.0,0.0,0.0,0.0,0.0,1978,1978,1,PAK,0.0,0
1,1.0,0.0,0.0,0.0,2.0,0.0,0.0,0.0,1.0,2007,2007,1,PAK,0.0,0
3,1.0,1.0,0.0,0.0,13.0,0.0,0.0,0.0,0.0,1975,1975,1,PAK,0.0,0
1,1.0,0.0,0.0,0.0,1.0,0.0,0.0,0.0,1.0,2004,2004,1,HKG,0.0,0
3,1.0,1.0,0.0,0.0,7.0,0.0,0.0,0.0,0.0,2009,2009,1,INDIA,0.0,0
1,1.0,1.0,0.0,0.0,0.0,,0.0,0.0,0.0,2011,2011,1,ZIM,0.0,0
1,1.0,1.0,0.0,0.0,3.0,0.0,0.0,0.0,0.0,2019,2019,1,SCOT,0.0,0
1,1.0,0.0,0.0,0.0,3.0,0.0,0.0,0.0,1.0,1992,1992,1,NZ,0.0,0
1,1.0,0.0,0.0,0.0,3.0,0.0,0.0,0.0,1.0,1976,1976,1,NZ,0.0,0
1,1.0,0.0,0.0,0.0,1.0,0.0,0.0,0.0,1.0,2009,2009,1,WI,0.0,0
1,1.0,0.0,0.0,0.0,5.0,0.0,0.0,0.0,1.0,1978,1978,1,WI,0.0,0
1,1.0,0.0,0.0,0.0,5.0,0.0,0.0,0.0,1.0,2005,2005,1,SA,0.0,0
6,3.0,2.0,0.0,0.0,7.0,0.0,0.0,0.0,1.0,1988,1988,1,ENG,0.0,0
1,1.0,0.0,0.0,0.0,5.0,0.0,0.0,0.0,1.0,2002,2002,1,BDESH,0.0,0
9,3.0,2.0,0.0,0.0,10.0,0.0,0.0,0.0,1.0,2018,2019,2,SL,0.0,0
1,1.0,0.0,0.0,0.0,3.0,0.0,0.0,0.0,1.0,2012,2012,1,CAN,0.0,0
2,1.0,0.0,0.0,0.0,3.0,0.0,0.0,0.0,1.0,1993,1993,1,SL,0.0,0
1,1.0,0.0,0.0,0.0,2.0,0.0,0.0,0.0,1.0,2014,2014,1,PAK,0.0,0
1,1.0,0.0,0.0,0.0,2.0,0.0,0.0,0.0,1.0,2004,2004,1,UAE,0.0,0
3,1.0,1.0,0.0,0.0,1.0,0.0,0.0,0.0,0.0,2013,2013,1,BDESH,0.0,0
1,1.0,0.0,0.0,0.0,4.0,0.0,0.0,0.0,1.0,2019,2019,1,NL,0.0,0
3,3.0,0.0,0.0,0.0,5.0,0.0,0.0,0.0,3.0,1996,1996,1,PAK,0.0,0
1,1.0,0.0,0.0,0.0,4.0,0.0,0.0,0.0,1.0,1987,1987,1,PAK,0.0,0
17,3.0,2.0,0.0,0.0,2.0,0.0,0.0,0.0,1.0,2016,2019,4,SA,0.0,0
1,1.0,0.0,0.0,0.0,7.0,0.0,0.0,0.0,1.0,2018,2018,1,HKG,0.0,0
1,1.0,0.0,0.0,0.0,6.0,0.0,0.0,0.0,1.0,1973,1973,1,WI,0.0,0
1,1.0,0.0,0.0,0.0,5.0,0.0,0.0,0.0,1.0,1992,1992,1,PAK,0.0,0
1,1.0,1.0,0.0,0.0,0.0,,0.0,0.0,0.0,1988,1988,1,INDIA,0.0,0
2,2.0,0.0,0.0,0.0,5.0,0.0,0.0,0.0,2.0,2003,2003,1,NAM,0.0,0
3,2.0,0.0,0.0,0.0,4.0,0.0,0.0,0.0,2.0,2000,2003,4,SA,0.0,0
1,1.0,0.0,0.0,0.0,1.0,0.0,0.0,0.0,1.0,1998,1998,1,BDESH,0.0,0
2,,,,,,,,,,1977,1978,2,PAK,,0
4,,,,,,,,,,2008,2008,1,PAK,,0
2,,,,,,,,,,2019,2019,1,BDESH,,0
1,,,,,,,,,,1985,1985,1,SL,,0
2,,,,,,,,,,2011,2011,1,NZ,,0
1,,,,,,,,,,2015,2015,1,ENG,,0
1,,,,,,,,,,2018,2018,1,BDESH,,0
3,,,,,,,,,,1994,1994,1,PAK,,0
1,,,,,,,,,,1998,1998,1,NZ,,0
2,,,,,,,,,,1981,1981,1,AUS,,0
